12.7556858741196,90.4607632954915,76.587507016931,77.5972866550569,89.5843900044759,68.1800487518311,63.2220975179521,21.1184520447317,28.6161717262465,68.588159720103,24.4090782477532,104.569449518768,121.553268432617,114.444329579671,13.4517411981428,60.4967255592346,93.4023259480794,81.0537165149964,112.28975303218,101.137023978398,74.9797029495239,64.135362612058,72.0474561544565,73.518026072046,79.3366394042969,0,100.944251026827,109.074582880194,75.1143592438608,14.7362343133614,24.1415695688428,129.937629699707,79.6427559322781,20.9386920252362,64.223594084143,0,125.684310913086,141.528235117594,93.9151789347331,0,0,0,119.473871866862,136.344635009766,71.6209190368652,197.095016479492,0,178.192474365234,0,169.691190719604,0,96.0673065185547,146.180725097656,0,157.831909179688,0,0,85.9370517730713,141.258345603943,110.29027557373,0,151.335038321359,149.211380794131,118.653347015381,115.608982086182,116.1491154262,0,0,98.8970718383789,159.255359649658
90.4607632954915,9.12083313209045,38.1298134673725,14.0758321592466,103.654584248861,137.029048919678,127.04984664917,110.917031012641,124.189493179321,72.2201196465279,121.398202260335,56.548889537434,102.740986633301,40.0479858339065,124.193642714928,102.299433390299,50.9249106103724,45.5755307939317,58.9407872455876,46.1104869147544,0,83.8146766863371,24.8562136790158,58.3903398153917,79.7909953019982,18.8941036382688,40.0329192008621,25.357645077594,91.1718359727126,108.56170610948,92.1548774914864,55.9621477860671,78.6775054931641,80.1095153808594,53.903337854216,185.279220581055,0,73.9983300873728,55.3809684753418,0,0,0,129.943695068359,0,0,0,167.181896209717,0,70.0070870717366,0,0,93.1879577636719,84.9163957075639,0,85.1747477604793,165.453216552734,0,0,109.536125183105,143.143508911133,74.8956089019775,71.5783557891846,77.7481987476349,176.019053141276,0,122.258270263672,93.3097457885742,0,0,99.6157150268555
76.587507016931,38.1298134673725,10.330438085956,37.5240503804752,99.2497100830078,140.973073641459,112.79701451655,84.3587738464652,104.099817120466,105.428570175171,96.1987639985433,76.4857061519179,106.229762268066,78.2133346904408,97.9923238644655,120.290444056193,85.3732301538641,40.4068840385923,65.9904733233982,53.1825706117875,130.574987411499,62.391848178392,47.3308965665268,27.7389040662113,99.9288681764654,75.1417592366536,28.2313345427211,34.2228774949722,77.4541611879324,100.529007381863,69.8820650596123,80.7669822878954,152.659723455256,90.7817480564117,66.1248866271973,144.184136199951,71.0121742089589,78.7419403190327,48.715779883985,0,0,171.026245117188,140.413874973761,165.188090642293,143.544258117676,176.58634185791,110.495395115444,0,127.978311538696,149.168601036072,0,95.3214776711386,88.437917796408,0,111.65627784729,222.364669799805,117.057052373886,67.0198575800115,93.8961533254282,138.228530671861,128.689493815104,83.8027556497165,80.8913945593244,126.391440695905,147.592203140259,116.737638415712,124.213877360026,0,178.98789469401,97.6572111495818
77.5972866550569,14.0758321592466,37.5240503804752,18.2389954559083,49.6193256533243,87.312047958374,79.3353513948845,59.1089249769847,76.6506735189802,16.6627044326455,73.5617250520356,63.9480475879653,58.4793454950506,63.6175952795006,77.4505552474422,72.5401150630071,48.1392001551251,50.8020075061946,64.7311254119873,50.6014233744918,64.4022941589355,55.2937700285328,22.2837700142334,51.5605033617702,34.4142046574974,46.2521994876565,43.369431384797,34.9032349840414,45.6204987706324,71.4819723716522,53.6513583098407,63.4031994628906,96.0748816596137,52.8278097372789,53.65668979416,74.7576880821815,73.6232455117362,77.2917420586874,40.1809420429292,115.81313196818,109.729843139648,82.4881663852268,69.4644472415631,84.3464446258545,27.0810036442497,100.680129311301,77.9770291646322,0,62.7568976662376,87.4242450611011,0,94.6268970489502,79.5768692016602,79.1461232503255,72.9560093599207,140.049873352051,99.3639386494954,42.5002067379835,92.4054506089952,54.4236330761335,41.4968468802316,78.0281139918736,76.7073430379232,62.2988579624383,81.5674374898275,64.4188570853991,86.4169101715088,0,76.1836029052734,92.4232029914856
89.5843900044759,103.654584248861,99.2497100830078,49.6193256533243,7.6507932541845,107.748655319214,55.1129123356496,41.8653197494456,85.8587383301027,35.333447408492,17.3352510593073,140.388107299805,25.1285081339893,143.588146209717,91.1621492277316,52.7660724452285,103.564712524414,132.712635464138,154.471435546875,143.478569030762,10.5534779213049,86.3100961957659,52.8983386646618,110.208151923286,12.5673228541252,124.77618338845,128.637268066406,111.958927805831,11.2860573262385,82.806686795991,83.9855741228376,165.259262084961,127.925137837728,74.3129380267599,87.127590149168,116.218325297038,153.546661376953,0,55.3479353199834,16.8876582413019,167.612380981445,123.435868263245,98.3477212815058,123.503673682779,73.7378408114115,115.331927033475,0,31.3273443380992,0,129.713729511608,118.205484390259,0,0,0,196.845275878906,22.7544012670977,120.412437438965,89.0922622680664,117.311500549316,82.6006215757368,176.957901000977,157.736790974935,152.335693359375,105.228215924543,140.333784739176,121.480308532715,0,0,106.156753540039,133.569369229403
68.1800487518311,137.029048919678,140.973073641459,87.312047958374,107.748655319214,7.6255230356825,7.88077082438802,93.682954422971,15.2136185378707,81.7835167778863,86.6799133609485,73.8757372036786,91.6676133621571,76.3354125976562,27.8110234979794,13.8185637805764,0,158.393106842041,94.7808067321777,139.326160777699,102.615191584048,126.741691589355,114.073560078939,151.199434916178,102.186786125446,168.127212524414,133.626627995418,128.854740142822,109.940072961756,24.6754639984459,100.622797012329,94.548220316569,9.75431224882909,85.4706878662109,40.4069015046825,0,0,0,112.078367233276,120.304458618164,0,0,157.570528130782,183.564950125558,108.60863494873,0,0,0,0,174.412490844727,0,0,0,0,0,0,0,97.4991912841797,211.243072509766,145.543229239328,0,122.56787109375,158.727607727051,151.894970417023,201.895584106445,144.198145548503,0,0,0,178.119537353516
63.2220975179521,127.04984664917,112.79701451655,79.3353513948845,55.1129123356496,7.88077082438802,9.46207387815763,54.2633853412539,17.7202121450415,67.1724330082836,29.0293780276745,94.6087106806891,23.0772154357136,120.469955444336,31.9012043741663,12.4717366017422,134.62580871582,128.781090314998,129.475360729076,120.37269449234,34.3119770465359,107.985532320463,102.572867279053,110.158082107999,73.5600797571288,143.735542297363,132.537430361832,130.153833739961,58.9654441581053,49.6897838205775,81.5856311927407,144.86961295388,29.4658305791959,78.4970935953074,76.1703424181257,143.424139234755,0,168.655536227756,87.3341802295886,100.667108944484,166.479949951172,137.038236379623,121.50552267892,141.175932378354,100.885424613953,131.787912856701,232.068405151367,140.082105364118,0,144.244374980097,135.864144643148,151.605461120605,172.460891723633,0,206.334569295247,100.232186816988,150.083862304688,113.922337849935,173.883047485352,110.735966530824,0,168.699010213216,173.324928283691,121.023973773978,152.844797134399,146.680900149875,0,194.808624267578,135.20961151123,142.234548187256
21.1184520447317,110.917031012641,84.3587738464652,59.1089249769847,41.8653197494456,93.682954422971,54.2633853412539,9.07297701323817,53.6973798536518,48.5145013049743,21.9939440580789,130.704839596803,59.0692930355878,136.78450512886,41.9431399248563,69.4339299132859,109.836930847168,103.590812707135,133.461358252992,123.852441811863,46.3610925836078,60.033605747818,73.7723202296666,71.4277618126048,53.6009770046687,137.897612889608,111.91211809398,100.782000513927,22.823150597685,56.9105850560735,15.5816791256939,137.940369856985,103.446358998617,55.9927593432456,76.8052267023122,119.924768097547,132.99953918457,141.022315108985,75.4171345469716,92.2422091857247,176.502552032471,122.30022601692,102.030278157631,127.00506538783,68.2062884629375,117.713632550156,183.898307800293,130.874859619141,177.050415039062,126.328858836597,117.044752332899,125.446949481964,153.613821278448,208.965270996094,175.920406341553,107.017471190422,127.05582857132,97.5212902492947,138.48042998562,91.7436944278762,0,160.871691597833,146.543428064703,101.396482949144,128.815645918061,112.062985389463,183.67546081543,0,114.541295732771,133.530785220793
28.6161717262465,124.189493179321,104.099817120466,76.6506735189802,85.8587383301027,15.2136185378707,17.7202121450415,53.6973798536518,10.6036211606697,71.4942524614005,34.5884909208907,79.5293640639286,79.269444085508,98.6729704434754,15.8662392329667,28.0422341630384,165.626990182059,115.50358101579,110.832656409151,114.327690832778,85.2906127036679,95.3378053178974,93.3135770161947,98.7978714412652,80.9664218095342,140.383974347796,124.457311318062,123.718065705448,81.2642847868483,22.0594922066055,69.6767250944967,120.419260660807,12.9071820244547,75.3685550689697,55.1550430882772,134.730631273846,162.331951904297,157.6537059021,85.5305650280368,127.497039794922,167.862721761068,146.006923675537,122.566949971517,147.33170697513,92.4500989330058,134.095255358466,159.854782104492,151.940017700195,160.2357006073,146.510393778483,126.589599609375,155.81938680013,179.354882632985,0,189.765185546875,132.528137207031,148.051928710937,130.754450284518,164.733925529148,114.896908496139,146.299072265625,162.557048402984,158.72872620922,121.707993038337,149.120802407736,134.575997099584,137.332916259766,181.074340820312,128.800584581163,150.422878998977
68.588159720103,72.2201196465279,105.428570175171,16.6627044326455,35.333447408492,81.7835167778863,67.1724330082836,48.5145013049743,71.4942524614005,8.88033373375912,60.6991799078255,121.845286736122,10.013607292219,107.748216325231,77.3317355466693,17.1306181463522,54.3145128885905,114.304504818387,122.825464422053,129.589260101318,27.281059496151,67.4449522018433,20.190791214983,115.423585779527,17.2853859566586,96.5963813827423,118.001824071852,103.521885254544,40.0413632799311,69.7565000700258,56.0312718744878,121.496871499454,103.143147786458,52.4849388415997,68.4796244998773,89.6786369323731,0,120.671427408854,36.5536399528162,77.6261405944824,0,125.795963287354,85.6499885396754,107.024419555664,20.7453616405356,114.833523341588,0,48.8455619812012,129.377985636393,100.648019203773,0,0,136.694610595703,0,153.431549072266,70.8384165330367,95.0813064575195,66.7719472249349,109.833873748779,59.7106585967831,121.09118270874,142.208362579346,149.380863792018,77.768356380178,98.1037728445871,85.46770967756,0,110.758445739746,86.9538421630859,113.737499237061
24.4090782477532,121.398202260335,96.1987639985433,73.5617250520356,17.3352510593073,86.6799133609485,29.0293780276745,21.9939440580789,34.5884909208907,60.6991799078255,9.71490932941011,133.047259391622,19.2545937435941,144.761569213867,44.4101158927864,61.1374316372714,132.166836547852,120.24724762528,154.160934448242,148.387686356254,14.6943221239351,83.9799121053595,93.7907593825768,86.8004179126891,60.2105495901669,135.701614379883,125.823952661044,125.063891215202,22.5474996175144,79.4419674902657,71.4310190050225,164.509373057972,105.856444107859,71.3087676861964,81.2784921059704,139.162792629666,0,150.414592590332,75.7196971469455,67.4669009396728,165.230056762695,132.472494246084,110.466450585259,133.613329117673,97.2964958917527,129.714547830185,196.450103759766,120.816731427167,0,142.290191771492,131.059268951416,0,168.021827697754,0,179.783386230469,82.631206071738,129.985778808594,115.221004710478,151.831674194336,98.2112237516427,0,181.484487915039,159.810480166704,116.496891969328,145.79159749349,160.792030334473,0,0,140.121738857693,154.394847412109
104.569449518768,56.548889537434,76.4857061519179,63.9480475879653,140.388107299805,73.8757372036786,94.6087106806891,130.704839596803,79.5293640639286,121.845286736122,133.047259391622,12.7807062032282,139.084112379286,18.4354991329608,90.9880538842617,112.341060638428,108.508361816406,37.9506763252258,19.8783210864175,17.5056334871328,134.439608854406,84.6974376358149,90.0778828228221,75.9864097890819,135.932779485529,26.4742072128565,27.9158132114138,58.6294425492145,129.132921785922,75.6947325048312,90.7355255022441,23.6955791948521,67.8064471350776,84.9859213684544,27.2776498995281,0,80.2418067932129,105.766958618164,82.9045314788818,151.09619140625,0,0,189.637288774763,203.945783342634,152.958605448405,167.998657226562,91.7066580119886,0,66.2374001333158,211.468149820964,0,120.70255279541,129.56912689209,86.1603726473722,95.3210201623305,0,168.394989013672,119.402593231201,120.598486466841,178.134515762329,56.3727237757515,81.9982587597894,86.753319667344,169.233838762556,194.704935709635,180.706979751587,84.0545771916707,0,0,116.130386151766
121.553268432617,102.740986633301,106.229762268066,58.4793454950506,25.1285081339893,91.6676133621571,23.0772154357136,59.0692930355878,79.269444085508,10.013607292219,19.2545937435941,139.084112379286,8.42475275478286,142.583025845614,89.1651668117057,14.3035623792563,0,175.744145711263,161.720911661784,131.842880249023,14.7306201440535,0,59.7742422194708,0,22.9726380912443,123.10764243386,151.116461320357,128.75719270252,38.1858834934235,87.3761071291837,176.20329284668,147.542724609375,101.407595316569,75.7783557346889,85.5732322420393,0,0,0,43.3567891120911,41.0036160653951,0,165.176612854004,113.874375343323,140.319744110107,71.0216503143311,126.53316004136,0,40.634404706955,0,138.297004699707,0,0,0,0,177.271408081055,30.4906170471855,0,129.814929962158,0,83.3746917872753,0,0,211.09366607666,117.688930034637,151.522827148438,107.481079101562,0,0,130.011779785156,148.275543212891
114.444329579671,40.0479858339065,78.2133346904408,63.6175952795006,143.588146209717,76.3354125976562,120.469955444336,136.78450512886,98.6729704434754,107.748216325231,144.761569213867,18.4354991329608,142.583025845614,7.85217910961745,108.422607224563,136.374370320638,110.599395206996,91.4135133743286,51.6253869163431,68.7937647322534,147.75562286377,122.833812040441,79.7256874783348,100.339118308209,118.149605829277,14.9743560850882,30.4381753337692,30.190997603923,138.511712915757,112.943431854248,126.556881713867,8.55838430529574,89.7130676905314,101.853761461046,46.5132570003501,0,68.1068424936068,118.991064453125,58.6910217099073,0,0,0,180.005484008789,148.837356567383,129.240297819439,216.544097900391,76.5878339343601,179.696975708008,53.0292485515312,0,0,156.050379435221,126.6667137146,76.472284870763,99.520751953125,183.801732381185,166.791595458984,105.834421240765,131.001382827759,153.151475143433,40.3521266424034,73.7426910539868,73.8176208471719,166.359196980794,148.096466064453,164.321696472168,74.5070925585796,0,0,106.74079813276
13.4517411981428,124.193642714928,97.9923238644655,77.4505552474422,91.1621492277316,27.8110234979794,31.9012043741663,41.9431399248563,15.8662392329667,77.3317355466693,44.4101158927864,90.9880538842617,89.1651668117057,108.422607224563,9.21555562233321,50.5303028742472,145.484840393066,105.614112955407,122.230345993042,117.067219560043,91.3440902879503,91.8032441622969,91.672098244186,96.9856031417847,85.6260254197613,113.548057556152,120.767991137978,124.204614441638,85.4765385800442,16.7048207157072,57.1027342354001,128.987231399074,8.95536298329117,27.8819586453664,56.3259016693332,143.636401977539,153.142639160156,159.733771896362,87.459977126703,138.731686183384,219.429809570312,153.645997619629,133.108105461552,155.221422010852,91.9654722052105,159.736072540283,179.998382568359,170.117164611816,134.163772583008,147.576160618516,146.430755615234,0,163.877172851563,140.031402587891,175.364820692274,147.128302001953,141.893188476562,87.4413909912109,158.637841966417,121.91463875444,159.31226348877,163.313315651634,159.727437973022,124.631399148758,146.0335105896,130.337172042492,0,220.563461303711,133.854186318137,147.854710218641
60.4967255592346,102.299433390299,120.290444056193,72.5401150630071,52.7660724452285,13.8185637805764,12.4717366017422,69.4339299132859,28.0422341630384,17.1306181463522,61.1374316372714,112.341060638428,14.3035623792563,136.374370320638,50.5303028742472,7.87243826255657,0,125.360069274902,153.566234588623,132.721261978149,47.5069413844776,0,67.5016869189692,122.369438171387,40.6577948930528,126.735261240313,135.87294868801,131.465741051568,64.406320882398,47.628783403441,80.0741851113059,191.55305480957,32.3670737130301,80.5205785311185,92.0608776637486,137.640014648438,0,175.48949432373,62.9445904323033,94.3095766703288,172.090927124023,137.527313232422,122.641715309837,141.228161204945,72.0081237792969,99.0700149536133,0,0,0,152.929158528646,0,0,0,0,0,73.0472837175642,0,81.2763633728027,226.797027587891,94.035038363549,0,0,196.922286987305,126.068577067057,154.064895629883,106.882671356201,0,0,133.408615112305,152.23583984375
93.4023259480794,50.9249106103724,85.3732301538641,48.1392001551251,103.564712524414,0,134.62580871582,109.836930847168,165.626990182059,54.3145128885905,132.166836547852,108.508361816406,0,110.599395206996,145.484840393066,0,12.2240981081037,98.0941503724056,133.668243408203,108.656792704264,78.9040451049805,18.8739276616485,31.282250475881,18.1054095473792,26.223675945505,93.1952103834886,99.648797454834,25.3450890112131,38.9024697074252,119.366386413574,76.3202670017878,119.567242940267,0,92.7210184733073,80.4121304264775,211.297943115234,0,99.1204759385851,58.8566773358513,143.815765380859,0,165.298843383789,119.732082073505,168.875198364258,0,0,126.279930114746,0,0,112.915626525879,0,86.7187197493395,114.289960861206,0,167.011271158854,0,89.0865093273121,47.0687213351409,87.5487089689302,102.313971575569,0,134.163291482364,98.5456259768942,102.989193656228,112.998188018799,95.4151707139126,0,0,0,102.680516624451
81.0537165149964,45.5755307939317,40.4068840385923,50.8020075061946,132.712635464138,158.393106842041,128.781090314998,103.590812707135,115.50358101579,114.304504818387,120.24724762528,37.9506763252258,175.744145711263,91.4135133743286,105.614112955407,125.360069274902,98.0941503724056,7.71460922059213,45.3887975869422,17.76483658492,159.862823486328,41.8510484218134,72.5426878112456,17.9949787899084,114.997918775466,65.1941350301107,22.8696201364102,60.9345399002983,109.759385646968,92.44454074507,61.2431979727813,86.2787760779971,122.849479675293,75.8268768653441,32.9273396550951,155.404006958008,83.8482856750488,93.2337333115955,65.824279415992,0,0,192.820938110352,159.69280010721,185.852418263753,0,195.080673217773,126.558644104004,0,124.660552978516,163.503374735514,0,113.425005399264,103.392015921969,111.366180419922,105.606985788497,0,124.569220542908,85.7127187861953,112.009446820642,168.882102272727,127.213642120361,90.5234461894077,94.1866527482228,148.686297209367,171.454559326172,133.674642835345,124.592971801758,0,0,113.035245606394
112.28975303218,58.9407872455876,65.9904733233982,64.7311254119873,154.471435546875,94.7808067321777,129.475360729076,133.461358252992,110.832656409151,122.825464422053,154.160934448242,19.8783210864175,161.720911661784,51.6253869163431,122.230345993042,153.566234588623,133.668243408203,45.3887975869422,6.05348491391232,15.6617613598874,156.609310150146,93.8016217745267,101.436494246773,84.4578541209863,141.721238509468,44.3556545476998,24.4788738149796,58.2208173616143,157.216934790978,109.79840412594,98.270327094857,50.8014810813798,93.7096157073975,95.7546308180865,50.619596258137,187.755416870117,99.0007568359375,128.368195669992,72.4406617482503,0,0,0,166.657066345215,175.757766723633,160.482765197754,0,95.7745334080287,0,87.7293631131532,0,0,149.915313720703,130.199409484863,92.8529205322266,98.2254923582077,0,138.285034179688,138.220726013184,151.995609283447,215.738525390625,68.0061862945557,88.8903226658509,94.0061038728316,0,0,153.592829386393,93.9864113547585,0,0,112.39021174113
101.137023978398,46.1104869147544,53.1825706117875,50.6014233744918,143.478569030762,139.326160777699,120.37269449234,123.852441811863,114.327690832778,129.589260101318,148.387686356254,17.5056334871328,131.842880249023,68.7937647322534,117.067219560043,132.721261978149,108.656792704264,17.76483658492,15.6617613598874,7.75229352339344,0,80.0861409839831,92.0474052429199,66.0144088651372,129.068674723307,43.637074214156,30.1287348553702,62.0288010441908,126.117451026791,103.340708324986,83.4145777511003,71.5729968888419,91.7768276759556,86.7724989514018,36.2498805323566,0,88.2508331298828,102.544349866036,67.7415687336641,0,0,0,181.172299702962,189.132633209229,0,203.389572143555,118.801106770833,0,111.884370803833,181.27286529541,0,141.86289469401,108.372526986258,105.043089972602,97.7752259572347,0,169.189506530762,106.89249420166,137.4470353968,180.139157976423,0,91.1865702485952,96.110580590799,191.440709431966,189.252304077148,163.704223632812,121.098022460938,0,0,111.787861136503
74.9797029495239,0,130.574987411499,64.4022941589355,10.5534779213049,102.615191584048,34.3119770465359,46.3610925836078,85.2906127036679,27.281059496151,14.6943221239351,134.439608854406,14.7306201440535,147.75562286377,91.3440902879503,47.5069413844776,78.9040451049805,159.862823486328,156.609310150146,0,11.916194609249,0,74.7079033851624,128.657890319824,16.1514258709253,121.806179046631,149.978211720785,152.849961344401,21.6289219562038,84.8614307266098,114.426658153534,162.451446533203,113.100931294759,70.6778129577637,82.7524961207035,0,132.492858886719,233.946853637695,51.6527286529541,13.2130719622603,0,134.313299699263,104.09840742747,127.612438036048,75.728444841173,123.110232715875,0,10.3146889816251,0,137.536964416504,100.096515655518,0,0,0,0,21.1771982762872,0,0,0,81.3782302016778,0,0,171.660456339518,114.586310927932,137.155029296875,0,0,0,0,165.622505187988
64.135362612058,83.8146766863371,62.391848178392,55.2937700285328,86.3100961957659,126.741691589355,107.985532320463,60.033605747818,95.3378053178974,67.4449522018433,83.9799121053595,84.6974376358149,0,122.833812040441,91.8032441622969,0,18.8739276616485,41.8510484218134,93.8016217745267,80.0861409839831,0,10.6081991733361,42.8956746961381,23.9774189694871,19.3236978597332,105.563941955566,93.3757303986102,65.0162688961121,21.0968168565473,71.7502678500281,28.3889372673069,123.812060885959,118.336547851562,54.8206851910322,43.215515039358,137.209732055664,103.940414428711,118.846808456793,82.7624664306641,0,0,0,125.002130845014,159.628511428833,62.5284241570367,0,0,0,175.69221496582,132.758277893066,0,91.6389418235192,112.294469833374,0,150.203426361084,0,94.2072069937723,54.3130904813074,97.8461414509682,90.6372035980225,0,136.402090664568,124.46780820237,92.2733036677043,128.629653481876,92.7265880248126,0,0,92.5296096801758,105.342462392954
72.0474561544565,24.8562136790158,47.3308965665268,22.2837700142334,52.8983386646618,114.073560078939,102.572867279053,73.7723202296666,93.3135770161947,20.190791214983,93.7907593825768,90.0778828228221,59.7742422194708,79.7256874783348,91.672098244186,67.5016869189692,31.282250475881,72.5426878112456,101.436494246773,92.0474052429199,74.7079033851624,42.8956746961381,9.44288951717522,45.1901624488679,29.0256874515514,63.3781241849766,85.5950161616008,34.2568104000685,49.7525197190124,78.2302934513536,51.0397347098579,92.2535244169689,134.337238311768,62.0798436164856,56.028026057422,107.471128845215,59.164623260498,75.481340154012,57.6633388519287,0,0,137.15002822876,86.5149232272444,119.544595336914,37.9039304733276,131.436815261841,112.836418151855,0,114.119047437395,108.660515594482,0,56.0530875905355,101.303476333618,0,136.618761698405,121.638294219971,77.9129298073905,35.6290489410868,65.620730468531,73.5275561620319,82.2199449539185,119.066235224406,95.0736933358108,78.6295139111971,102.323802947998,70.4613763676133,139.44457244873,0,71.115743637085,103.753038167953
73.518026072046,58.3903398153917,27.7389040662113,51.5605033617702,110.208151923286,151.199434916178,110.158082107999,71.4277618126048,98.7978714412652,115.423585779527,86.8004179126891,75.9864097890819,0,100.339118308209,96.9856031417847,122.369438171387,18.1054095473792,17.9949787899084,84.4578541209863,66.0144088651372,128.657890319824,23.9774189694871,45.1901624488679,14.2301019315908,65.027937776504,100.540963745117,61.6829584723464,46.2797147714399,44.9565120225612,88.8815699456965,49.0940412079321,106.174789204317,136.260809326172,73.096075117588,45.8486663875763,154.101112365723,103.126955179068,89.8534581604387,62.3510946892855,0,121.89363861084,168.3807331432,134.586695972502,165.689127294029,101.017864227295,145.690426038659,141.278518676758,0,147.273040771484,158.021921386719,153.366058349609,89.5482898445108,111.239327566964,130.809219360352,141.067590236664,190.093971252441,95.6003825524274,55.1164583251125,93.0201314869589,127.345856587092,132.258941650391,120.939458458824,92.5899704186625,122.974714833527,144.090364074707,114.067231091586,0,161.485885620117,149.510866800944,106.420498037937
79.3366394042969,79.7909953019982,99.9288681764654,34.4142046574974,12.5673228541252,102.186786125446,73.5600797571288,53.6009770046687,80.9664218095342,17.2853859566586,60.2105495901669,135.932779485529,22.9726380912443,118.149605829277,85.6260254197613,40.6577948930528,26.223675945505,114.997918775466,141.721238509468,129.068674723307,16.1514258709253,19.3236978597332,29.0256874515514,65.027937776504,9.38003914853997,105.025367242115,118.959015004119,78.9057023880001,16.6186176951364,75.7183480188145,65.3723357928339,135.403121439616,122.170895503117,59.7914939647963,70.6941571343344,105.395702664814,107.327125549316,137.277825396994,48.0248994057547,92.1382771379807,152.734218597412,118.22300686187,92.8882069774313,116.788161187118,52.11242375912,106.903176165642,186.294040679932,103.691335369559,145.113166809082,115.408621300201,112.068964821952,101.720170338949,139.885737101237,163.054443359375,173.494300842285,89.9683456709891,105.150290512457,60.7279657745361,115.596357048882,79.4299758538174,131.976866149902,157.786799456622,137.940697172768,89.3184539750019,120.31032880995,96.1606171808125,0,158.997357686361,103.756376579626,111.734705893646
0,18.8941036382688,75.1417592366536,46.2521994876565,124.77618338845,168.127212524414,143.735542297363,137.897612889608,140.383974347796,96.5963813827423,135.701614379883,26.4742072128565,123.10764243386,14.9743560850882,113.548057556152,126.735261240313,93.1952103834886,65.1941350301107,44.3556545476998,43.637074214156,121.806179046631,105.563941955566,63.3781241849766,100.540963745117,105.025367242115,7.52741730559155,36.5722699690673,22.1353001436344,117.385061682724,86.7312399546305,119.988803100586,36.6810184266832,86.7250544230143,0,52.7799064091274,0,55.3185146165931,98.7240447998047,40.3201348348097,180.636795043945,0,0,0,104.648292541504,109.014872233073,181.547912597656,56.6601788838704,0,36.5128601095179,0,157.38606262207,111.720252990723,0,58.1098670959473,62.1462033589681,0,0,95.1740220876841,124.755645751953,139.056439048366,21.8320990331245,56.3949943311287,55.5650248061594,179.731982421875,150.039123535156,154.393203735352,62.3341234479632,0,0,84.0043627421061
100.944251026827,40.0329192008621,28.2313345427211,43.369431384797,128.637268066406,133.626627995418,132.537430361832,111.91211809398,124.457311318062,118.001824071852,125.823952661044,27.9158132114138,151.116461320357,30.4381753337692,120.767991137978,135.87294868801,99.648797454834,22.8696201364102,24.4788738149796,30.1287348553702,149.978211720785,93.3757303986102,85.5950161616008,61.6829584723464,118.959015004119,36.5722699690673,13.0028145055981,32.7106728651603,114.246779021613,110.687158359478,92.6586597014238,25.2050563131417,115.439488130457,103.506342163086,59.0654146866098,151.078866141183,83.6365164536696,92.4357759782884,63.3583511705158,0,219.841110229492,200.105282592773,165.191501617432,191.601834716797,164.197458902995,198.857089233398,95.5753274752399,0,77.31444165522,180.614639282227,0,126.368988672892,98.1178167542415,89.26427761539,91.2366316598221,206.176528930664,146.833465939476,121.238402198343,132.055154527937,167.241934055235,62.049639579228,82.8845315878249,86.5955449988141,172.361938158671,170.224434746636,138.015430995396,95.8681992680193,0,0,103.67770722118
109.074582880194,25.357645077594,34.2228774949722,34.9032349840414,111.958927805831,128.854740142822,130.153833739961,100.782000513927,123.718065705448,103.521885254544,125.063891215202,58.6294425492145,128.75719270252,30.190997603923,124.204614441638,131.465741051568,25.3450890112131,60.9345399002983,58.2208173616143,62.0288010441908,152.849961344401,65.0162688961121,34.2568104000685,46.2797147714399,78.9057023880001,22.1353001436344,32.7106728651603,15.1812578825511,70.6981386898005,113.454504594964,98.0672274696949,28.6536558148108,116.742748451233,101.774315887623,63.1112145063915,158.369488954544,84.4522655691419,83.117901951029,52.0604765101177,188.666458129883,183.736389160156,180.171566009521,141.703073626188,170.341288618608,144.362567554821,177.084973812103,99.5024103780431,0,83.762424055513,161.698767404708,147.97200012207,90.0230234781901,95.0624973332994,96.7488387339824,95.0909313680592,199.174870808919,120.143603634525,60.9628017723477,90.8046490866644,147.70488982074,65.8201928396483,84.5758454962171,85.8357972496484,137.270456010017,162.891346295675,132.146963510169,98.754542305356,0,140.182891845703,102.267344722041
75.1143592438608,91.1718359727126,77.4541611879324,45.6204987706324,11.2860573262385,109.940072961756,58.9654441581053,22.823150597685,81.2642847868483,40.0413632799311,22.5474996175144,129.132921785922,38.1858834934235,138.511712915757,85.4765385800442,64.406320882398,38.9024697074252,109.759385646968,157.216934790978,126.117451026791,21.6289219562038,21.0968168565473,49.7525197190124,44.9565120225612,16.6186176951364,117.385061682724,114.246779021613,70.6981386898005,9.51167909566756,74.2055703053591,36.8193513023488,148.084448964972,121.553669230143,58.2345212524911,59.3228730318942,108.58543695188,122.833030700684,136.236184861925,61.9404567148268,37.9829418589087,154.75154876709,117.310861353289,96.9195822478206,121.138403504759,62.8009556491359,117.482159205845,180.288131713867,115.374640165057,0,117.485560158931,122.012563228607,109.78681590822,145.843727698693,0,169.408430099487,56.799649418525,98.3719284351055,62.066043958272,121.153613587276,86.3648696278938,131.956100463867,159.791814769398,140.355599403381,94.0669648182909,118.014431976854,96.9864293615558,0,162.273391723633,103.077499389648,113.101382185773
14.7362343133614,108.56170610948,100.529007381863,71.4819723716522,82.806686795991,24.6754639984459,49.6897838205775,56.9105850560735,22.0594922066055,69.7565000700258,79.4419674902657,75.6947325048312,87.3761071291837,112.943431854248,16.7048207157072,47.628783403441,119.366386413574,92.44454074507,109.79840412594,103.340708324986,84.8614307266098,71.7502678500281,78.2302934513536,88.8815699456965,75.7183480188145,86.7312399546305,110.687158359478,113.454504594964,74.2055703053591,10.2905058437719,25.1626090557811,116.261138916016,12.854134440142,13.9781001825041,31.5303611233976,135.432934811241,0,147.961379496257,105.330795434805,113.699432373047,185.930023193359,150.64438863901,124.99560750764,158.800362763581,79.1517086791992,165.828866141183,198.249313354492,0,104.468739827474,140.955513954163,149.075248718262,116.344841003418,183.774642944336,166.954483032227,152.637051052517,115.333940505981,118.616866111755,74.7114231504243,177.229370964898,116.311949958801,144.823974609375,144.25417973445,151.517059931679,118.549620497854,150.065703293373,114.554197069625,123.250923156738,201.324310302734,129.165231323242,163.142824509565
24.1415695688428,92.1548774914864,69.8820650596123,53.6513583098407,83.9855741228376,100.622797012329,81.5856311927407,15.5816791256939,69.6767250944967,56.0312718744878,71.4310190050225,90.7355255022441,176.20329284668,126.556881713867,57.1027342354001,80.0741851113059,76.3202670017878,61.2431979727813,98.270327094857,83.4145777511003,114.426658153534,28.3889372673069,51.0397347098579,49.0940412079321,65.3723357928339,119.988803100586,92.6586597014238,98.0672274696949,36.8193513023488,25.1626090557811,9.85379579547529,125.674878120422,110.544653320313,36.1837737604629,38.6518238982687,112.817935398647,123.465450286865,130.515359286604,75.7198677062988,0,0,179.897328694661,115.232268709125,138.060254505702,65.4513337355394,155.154376029968,147.019470214844,0,0,134.215013161684,147.550415039062,103.21625980578,138.767846243722,0,159.935330200195,0,101.753178868975,61.3430104308855,117.170145737497,96.8801495001568,0,142.318855285645,135.297082505785,96.4170355978977,118.505672454834,99.1678087824867,0,0,109.13293762207,114.003348565871
129.937629699707,55.9621477860671,80.7669822878954,63.4031994628906,165.259262084961,94.548220316569,144.86961295388,137.940369856985,120.419260660807,121.496871499454,164.509373057972,23.6955791948521,147.542724609375,8.55838430529574,128.987231399074,191.55305480957,119.567242940267,86.2787760779971,50.8014810813798,71.5729968888419,162.451446533203,123.812060885959,92.2535244169689,106.174789204317,135.403121439616,36.6810184266832,25.2050563131417,28.6536558148108,148.084448964972,116.261138916016,125.674878120422,5.10879842242369,102.008430480957,107.099117279053,69.4699957711356,0,93.5964477539062,125.380925265225,71.377854087136,0,0,0,0,0,0,0,82.4710433959961,0,71.6113973193698,0,0,0,133.965307235718,87.3629813194275,106.476669311523,0,226.238754272461,127.366933822632,155.611139933268,153.104614257812,55.8162360558143,83.5315347074937,88.6006726803987,180.745178222656,0,0,88.7919554029192,0,0,120.298325220744
79.6427559322781,78.6775054931641,152.659723455256,96.0748816596137,127.925137837728,9.75431224882909,29.4658305791959,103.446358998617,12.9071820244547,103.143147786458,105.856444107859,67.8064471350776,101.407595316569,89.7130676905314,8.95536298329117,32.3670737130301,0,122.849479675293,93.7096157073975,91.7768276759556,113.100931294759,118.336547851562,134.337238311768,136.260809326172,122.170895503117,86.7250544230143,115.439488130457,116.742748451233,121.553669230143,12.854134440142,110.544653320313,102.008430480957,4.5407480645047,0,44.1314594813756,170.401016235352,0,178.635009765625,164.07788848877,0,0,192.648712158203,170.353098551432,182.387119293213,144.143890380859,166.63346862793,0,0,0,176.737060546875,0,0,0,0,0,124.290390014648,0,112.737335205078,197.252700805664,154.552427019392,0,144.290313720703,186.946151733398,162.165335083008,0,174.803695678711,0,0,0,174.48307800293
20.9386920252362,80.1095153808594,90.7817480564117,52.8278097372789,74.3129380267599,85.4706878662109,78.4970935953074,55.9927593432456,75.3685550689697,52.4849388415997,71.3087676861964,84.9859213684544,75.7783557346889,101.853761461046,27.8819586453664,80.5205785311185,92.7210184733073,75.8268768653441,95.7546308180865,86.7724989514018,70.6778129577637,54.8206851910322,62.0798436164856,73.096075117588,59.7914939647963,0,103.506342163086,101.774315887623,58.2345212524911,13.9781001825041,36.1837737604629,107.099117279053,0,6.80730012102572,24.7761178662037,108.38529586792,0,143.658800760905,70.6113319396973,85.3583374023438,0,126.141670227051,108.949428812663,130.813021733211,65.8487103780111,144.463012695312,0,137.377304077148,0,133.244729359945,0,104.88111114502,119.254676818848,0,164.211871337891,131.912139892578,97.0795135498047,62.7913570404053,119.091696166992,94.1554729974092,0,136.896759836297,151.57916368757,93.3497812444513,117.888386726379,92.3502937085701,0,0,0,127.080228169759
64.223594084143,53.903337854216,66.1248866271973,53.65668979416,87.127590149168,40.4069015046825,76.1703424181257,76.8052267023122,55.1550430882772,68.4796244998773,81.2784921059704,27.2776498995281,85.5732322420393,46.5132570003501,56.3259016693332,92.0608776637486,80.4121304264775,32.9273396550951,50.619596258137,36.2498805323566,82.7524961207035,43.215515039358,56.028026057422,45.8486663875763,70.6941571343344,52.7799064091274,59.0654146866098,63.1112145063915,59.3228730318942,31.5303611233976,38.6518238982687,69.4699957711356,44.1314594813756,24.7761178662037,10.9786170347155,120.581681251526,94.5955653190613,95.2139902114868,74.2565034719614,124.347316741943,0,172.630627441406,127.748296778253,148.447909740692,106.79001159668,152.274652099609,124.806763712565,0,114.677550315857,150.154636969933,0,102.052257061005,106.408724060059,107.375991821289,107.298429654992,99.4554214477539,97.4187808566623,66.58610926046,104.201836688178,107.971033283308,83.8009581565857,99.5057600866121,101.37830700945,105.499322341264,125.465414864676,100.461898803711,121.934254964193,0,112.676126480103,116.209720029669
0,185.279220581055,144.184136199951,74.7576880821815,116.218325297038,0,143.424139234755,119.924768097547,134.730631273846,89.6786369323731,139.162792629666,0,0,0,143.636401977539,137.640014648438,211.297943115234,155.404006958008,187.755416870117,0,0,137.209732055664,107.471128845215,154.101112365723,105.395702664814,0,151.078866141183,158.369488954544,108.58543695188,135.432934811241,112.817935398647,0,170.401016235352,108.38529586792,120.581681251526,10.573366061001,97.8635157267253,94.8426586011561,60.7539605942983,76.352433681488,72.1164082118443,73.990425652724,23.8032969348079,45.5384210607793,53.7982774147621,63.6207067363696,123.022132966013,69.4871133804321,130.736213005914,13.1139450957611,62.6677831922259,105.070232840145,85.7921353253451,112.074081420898,100.663997621465,74.3539990319146,71.4750051383512,59.2940075214093,81.7598608779907,66.1783407823339,113.827711105347,106.767116264722,114.304694418343,68.1486511873974,12.0646742849011,24.9592186665707,142.673126220703,89.7007675170898,19.2440175730667,53.0790547355191
125.684310913086,0,71.0121742089589,73.6232455117362,153.546661376953,0,0,132.99953918457,162.331951904297,0,0,80.2418067932129,0,68.1068424936068,153.142639160156,0,0,83.8482856750488,99.0007568359375,88.2508331298828,132.492858886719,103.940414428711,59.164623260498,103.126955179068,107.327125549316,55.3185146165931,83.6365164536696,84.4522655691419,122.833030700684,0,123.465450286865,93.5964477539062,0,0,94.5955653190613,97.8635157267253,6.45950437988696,35.8749692409853,27.3739898642337,0,0,155.367202758789,109.114119443026,124.823460049099,59.1600943113628,156.81803894043,48.0892110359974,97.6514994303385,37.7085526774525,113.713843209403,112.14426651001,49.2605637368702,48.9243376997651,67.0054651896159,51.3112909183946,108.862373352051,76.7231459984413,23.5281980273319,67.980876045227,65.3916382509119,16.5176810562573,39.5513004610094,27.0976429717908,106.680123762651,105.456020702015,89.9143665631612,64.5097373679832,0,106.415311177572,59.039908324473
141.528235117594,73.9983300873728,78.7419403190327,77.2917420586874,0,0,168.655536227756,141.022315108985,157.6537059021,120.671427408854,150.414592590332,105.766958618164,0,118.991064453125,159.733771896362,175.48949432373,99.1204759385851,93.2337333115955,128.368195669992,102.544349866036,233.946853637695,118.846808456793,75.481340154012,89.8534581604387,137.277825396994,98.7240447998047,92.4357759782884,83.117901951029,136.236184861925,147.961379496257,130.515359286604,125.380925265225,178.635009765625,143.658800760905,95.2139902114868,94.8426586011561,35.8749692409853,12.1543620476646,35.869868153564,98.1495056152344,151.468284606934,120.076687164307,78.5561013630232,108.080893300746,82.2395370483398,92.7700319630759,72.4892872194701,162.255071004232,75.8370699564616,99.7757399501306,122.597541809082,68.6522855758667,34.7212673154146,77.4576683044434,56.4341373782186,128.953595479329,61.8049558037743,38.1677554892015,19.7373392171042,106.633507204727,0,24.3347209888049,33.1826426300892,58.8355411054682,113.176418840215,52.5888877015365,75.229317135281,149.264450073242,107.144685745239,56.6191288630168
93.9151789347331,55.3809684753418,48.715779883985,40.1809420429292,55.3479353199834,112.078367233276,87.3341802295886,75.4171345469716,85.5305650280368,36.5536399528162,75.7196971469455,82.9045314788818,43.3567891120911,58.6910217099073,87.459977126703,62.9445904323033,58.8566773358513,65.824279415992,72.4406617482503,67.7415687336641,51.6527286529541,82.7624664306641,57.6633388519287,62.3510946892855,48.0248994057547,40.3201348348097,63.3583511705158,52.0604765101177,61.9404567148268,105.330795434805,75.7198677062988,71.377854087136,164.07788848877,70.6113319396973,74.2565034719614,60.7539605942983,27.3739898642337,35.869868153564,20.8337799388518,45.989537368586,102.937944030762,67.5121152003606,50.0242396493091,72.9973193039129,18.1979111750253,72.0144540800465,76.4596167071112,52.1223342895508,53.6702952941735,68.5879495753048,58.4168430566788,26.2430975231124,50.4704167893592,71.4368177715101,49.5854121692217,57.4713529698989,70.3371489740187,23.4876068322047,47.220913280459,28.7190674143366,33.1683734113272,42.3156108847762,34.0091475879596,43.2495773935003,64.5693286772697,52.5970200912625,61.261061706543,99.637565612793,51.9370958563987,56.9808033731036
0,0,0,115.81313196818,16.8876582413019,120.304458618164,100.667108944484,92.2422091857247,127.497039794922,77.6261405944824,67.4669009396728,151.09619140625,41.0036160653951,0,138.731686183384,94.3095766703288,143.815765380859,0,0,0,13.2130719622603,0,0,0,92.1382771379807,180.636795043945,0,188.666458129883,37.9829418589087,113.699432373047,0,0,0,85.3583374023438,124.347316741943,76.352433681488,0,98.1495056152344,45.989537368586,6.21387193087462,125.26847076416,57.8597236763347,57.8014913241069,85.3835003323025,45.0600054168701,15.1737442118194,162.794357299805,19.6608601509536,0,91.2709475430575,58.8070614107193,80.8166770935059,139.397354125977,0,0,9.03359382164122,0,66.871164533827,98.4160705566406,15.6808483974179,0,160.575877598354,121.651607089572,9.30507632585835,88.5503188811981,80.991831265963,0,0,80.0043540000916,85.0908076612255
0,0,0,109.729843139648,167.612380981445,0,166.479949951172,176.502552032471,167.862721761068,0,165.230056762695,0,0,0,219.429809570312,172.090927124023,0,0,0,0,0,0,0,121.89363861084,152.734218597412,0,219.841110229492,183.736389160156,154.75154876709,185.930023193359,0,0,0,0,0,72.1164082118443,0,151.468284606934,102.937944030762,125.26847076416,6.48416212474991,11.6077816219891,104.119660077776,18.2937361275029,93.449104309082,97.8236061210063,54.9375365661071,90.1531841278076,105.701692962646,26.7154412716627,12.1504651676434,86.6345443725586,0,81.910665512085,106.868454933167,113.607961382185,96.0818450927734,0,104.64893913269,100.346896362305,0,124.587863377162,168.209804534912,109.456764622738,18.570090627615,183.589447021484,0,8.11538527682023,71.7140197753906,29.6127778873887
0,0,171.026245117188,82.4881663852268,123.435868263245,0,137.038236379623,122.30022601692,146.006923675537,125.795963287354,132.472494246084,0,165.176612854004,0,153.645997619629,137.527313232422,165.298843383789,192.820938110352,0,0,134.313299699263,0,137.15002822876,168.3807331432,118.22300686187,0,200.105282592773,180.171566009521,117.310861353289,150.64438863901,179.897328694661,0,192.648712158203,126.141670227051,172.630627441406,73.990425652724,155.367202758789,120.076687164307,67.5121152003606,57.8597236763347,11.6077816219891,9.28996157207325,51.9396948300875,16.2249244793902,40.649213507624,24.2572119666717,61.7038155176553,21.6644849464668,129.014512842352,31.4430061213221,12.7134543470825,104.503730773926,156.843238194784,97.2521197979267,121.970252143012,35.7046578579311,90.4557067871094,115.878406100803,110.726189546807,63.6752066503519,75.6012573242188,134.498212908135,132.682527031217,54.3438494006666,34.4840761208302,96.6526386472914,139.778933207194,21.2998155034921,82.6278132685909,55.007358370633
119.473871866862,129.943695068359,140.413874973761,69.4644472415631,98.3477212815058,157.570528130782,121.50552267892,102.030278157631,122.566949971517,85.6499885396754,110.466450585259,189.637288774763,113.874375343323,180.005484008789,133.108105461552,122.641715309837,119.732082073505,159.69280010721,166.657066345215,181.172299702962,104.09840742747,125.002130845014,86.5149232272444,134.586695972502,92.8882069774313,0,165.191501617432,141.703073626188,96.9195822478206,124.99560750764,115.232268709125,0,170.353098551432,108.949428812663,127.748296778253,23.8032969348079,109.114119443026,78.5561013630232,50.0242396493091,57.8014913241069,104.119660077776,51.9396948300875,9.94368487626221,49.7302550653104,46.696615992652,15.9602840163128,121.874897622655,52.4707587343975,127.270861731635,30.9729366984792,61.4706598599752,86.4574201583862,78.2355044214859,113.384364100865,100.053044181492,44.9899349433149,57.302695506552,70.8274931907654,67.5189329165521,43.9220252539878,112.362535476685,100.609055972296,96.4546370919575,18.4629987953103,43.3559785176871,17.0312578441205,136.745817284835,109.928631431178,56.8536579194897,68.038596224675
136.344635009766,0,165.188090642293,84.3464446258545,123.503673682779,183.564950125558,141.175932378354,127.00506538783,147.33170697513,107.024419555664,133.613329117673,203.945783342634,140.319744110107,148.837356567383,155.221422010852,141.228161204945,168.875198364258,185.852418263753,175.757766723633,189.132633209229,127.612438036048,159.628511428833,119.544595336914,165.689127294029,116.788161187118,104.648292541504,191.601834716797,170.341288618608,121.138403504759,158.800362763581,138.060254505702,0,182.387119293213,130.813021733211,148.447909740692,45.5384210607793,124.823460049099,108.080893300746,72.9973193039129,85.3835003323025,18.2937361275029,16.2249244793902,49.7302550653104,9.21184297269073,71.7541697633033,38.7802838958475,74.1352516303628,61.3136067161906,129.255173029525,15.3803722440756,21.0571820937892,116.184272003174,131.057940953214,94.2939049857003,123.410778290635,74.3640877798702,98.1813948495047,98.854372660319,97.5196825281233,75.0127684768996,139.511896769206,126.385437748057,128.318298784706,73.2884078999316,19.5621035221513,73.2191091264997,148.243524499842,12.0021233194979,81.1423427718026,45.277290172529
71.6209190368652,0,143.544258117676,27.0810036442497,73.7378408114115,108.60863494873,100.885424613953,68.2062884629375,92.4500989330058,20.7453616405356,97.2964958917527,152.958605448405,71.0216503143311,129.240297819439,91.9654722052105,72.0081237792969,0,0,160.482765197754,0,75.728444841173,62.5284241570367,37.9039304733276,101.017864227295,52.11242375912,109.014872233073,164.197458902995,144.362567554821,62.8009556491359,79.1517086791992,65.4513337355394,0,144.143890380859,65.8487103780111,106.79001159668,53.7982774147621,59.1600943113628,82.2395370483398,18.1979111750253,45.0600054168701,93.449104309082,40.649213507624,46.696615992652,71.7541697633033,8.10131811692555,65.9658071077787,109.719942209672,10.6449721740506,99.9319360351563,65.2283737633061,16.8841099863738,65.3403076758752,95.5089848836263,0,115.610599941678,26.7414609394716,76.3492450714111,17.4872199134615,77.52799243927,16.9169310048563,88.6528302450029,113.893924077352,95.4042511452958,38.1253236479134,58.260389979407,46.9463006258992,129.902976989746,101.475978851318,49.7223660151164,56.4534925480479
197.095016479492,0,176.58634185791,100.680129311301,115.331927033475,0,131.787912856701,117.713632550156,134.095255358466,114.833523341588,129.714547830185,167.998657226562,126.53316004136,216.544097900391,159.736072540283,99.0700149536133,0,195.080673217773,0,203.389572143555,123.110232715875,0,131.436815261841,145.690426038659,106.903176165642,181.547912597656,198.857089233398,177.084973812103,117.482159205845,165.828866141183,155.154376029968,0,166.63346862793,144.463012695312,152.274652099609,63.6207067363696,156.81803894043,92.7700319630759,72.0144540800465,15.1737442118194,97.8236061210063,24.2572119666717,15.9602840163128,38.7802838958475,65.9658071077787,8.54117824883694,134.616520980309,13.0438198512127,150.622235384854,46.2986561049212,50.3313056721407,97.060026550293,125.218242492676,180.732978820801,147.32576751709,15.728057278385,82.5738613200638,93.4691064622667,84.89538029262,39.406838249024,0,120.67349012565,112.46861742093,22.5546806162779,79.1996363466315,86.2203041423451,143.050994873047,103.101939151162,74.1878895434031,77.5193512996354
0,167.181896209717,110.495395115444,77.9770291646322,0,0,232.068405151367,183.898307800293,159.854782104492,0,196.450103759766,91.7066580119886,0,76.5878339343601,179.998382568359,0,126.279930114746,126.558644104004,95.7745334080287,118.801106770833,0,0,112.836418151855,141.278518676758,186.294040679932,56.6601788838704,95.5753274752399,99.5024103780431,180.288131713867,198.249313354492,147.019470214844,82.4710433959961,0,0,124.806763712565,123.022132966013,48.0892110359974,72.4892872194701,76.4596167071112,162.794357299805,54.9375365661071,61.7038155176553,121.874897622655,74.1352516303628,109.719942209672,134.616520980309,9.812496807826,124.004219055176,12.0300665343301,98.1672184813915,114.803846359253,97.3075942993164,36.8102559536061,19.7125169211356,22.445440435901,132.434305826823,69.7825789828049,85.2846192752614,67.2177648677135,123.152318318685,31.7808882810853,27.0057476618272,45.4090587793291,122.354309445336,51.3528810719686,81.1497233828208,16.9374413658738,51.2238584481753,106.226801785556,23.7262039098708
178.192474365234,0,0,0,31.3273443380992,0,140.082105364118,130.874859619141,151.940017700195,48.8455619812012,120.816731427167,0,40.634404706955,179.696975708008,170.117164611816,0,0,0,0,0,10.3146889816251,0,0,0,103.691335369559,0,0,0,115.374640165057,0,0,0,0,137.377304077148,0,69.4871133804321,97.6514994303385,162.255071004232,52.1223342895508,19.6608601509536,90.1531841278076,21.6644849464668,52.4707587343975,61.3136067161906,10.6449721740506,13.0438198512127,124.004219055176,7.84109003118177,141.086647033691,81.3161532585257,15.8921226314681,0,0,176.152236938477,0,9.47360715965758,151.93888092041,77.2158170427595,129.658889770508,19.9245968877519,130.844563293457,175.646575927734,143.969095865885,40.6349707082286,89.2073999892834,120.959619140625,0,100.895046234131,79.9521827697754,85.5397043485899
0,70.0070870717366,127.978311538696,62.7568976662376,0,0,0,177.050415039062,160.2357006073,129.377985636393,0,66.2374001333158,0,53.0292485515312,134.163772583008,0,0,124.660552978516,87.7293631131532,111.884370803833,0,175.69221496582,114.119047437395,147.273040771484,145.113166809082,36.5128601095179,77.31444165522,83.762424055513,0,104.468739827474,0,71.6113973193698,0,0,114.677550315857,130.736213005914,37.7085526774525,75.8370699564616,53.6702952941735,0,105.701692962646,129.014512842352,127.270861731635,129.255173029525,99.9319360351563,150.622235384854,12.0300665343301,141.086647033691,8.07681538290421,134.485625599706,138.819834899902,96.5292348861694,85.5470733642578,43.1248945737018,55.4883117073461,0,118.99059009552,76.6096903850577,96.0812774896622,109.080429520718,18.3392291871118,28.2390380009511,27.1602745862892,133.095516204834,115.336213805459,119.731695605863,14.486005350179,60.7293586730957,118.869204203288,53.0071645975113
169.691190719604,0,149.168601036072,87.4242450611011,129.713729511608,174.412490844727,144.244374980097,126.328858836597,146.510393778483,100.648019203773,142.290191771492,211.468149820964,138.297004699707,0,147.576160618516,152.929158528646,112.915626525879,163.503374735514,0,181.27286529541,137.536964416504,132.758277893066,108.660515594482,158.021921386719,115.408621300201,0,180.614639282227,161.698767404708,117.485560158931,140.955513954163,134.215013161684,0,176.737060546875,133.244729359945,150.154636969933,13.1139450957611,113.713843209403,99.7757399501306,68.5879495753048,91.2709475430575,26.7154412716627,31.4430061213221,30.9729366984792,15.3803722440756,65.2283737633061,46.2986561049212,98.1672184813915,81.3161532585257,134.485625599706,6.59033108270274,35.0384241559289,92.1539857046945,107.015737819672,105.545805023938,116.854239430147,84.8336322629774,86.5602706597776,77.2627150300261,95.8831237792969,74.7689291354829,120.490371704102,118.601272299159,122.895672578476,77.3476108457984,16.5143771673944,58.3799753169531,135.221784284038,14.9042662701798,34.8116729924845,33.1620852784085
0,0,0,0,118.205484390259,0,135.864144643148,117.044752332899,126.589599609375,0,131.059268951416,0,0,0,146.430755615234,0,0,0,0,0,100.096515655518,0,0,153.366058349609,112.068964821952,157.38606262207,0,147.97200012207,122.012563228607,149.075248718262,147.550415039062,0,0,0,0,62.6677831922259,112.14426651001,122.597541809082,58.4168430566788,58.8070614107193,12.1504651676434,12.7134543470825,61.4706598599752,21.0571820937892,16.8841099863738,50.3313056721407,114.803846359253,15.8921226314681,138.819834899902,35.0384241559289,7.60672439682195,0,0,0,0,42.2597522144824,0,71.7810100979275,103.733877182007,33.9413630713186,139.333377838135,137.793074925741,125.546317390774,70.6590204834938,52.3675685209386,81.8921356201172,109.823867797852,44.8045790701201,100.478000640869,48.7224283854167
96.0673065185547,93.1879577636719,95.3214776711386,94.6268970489502,0,0,151.605461120605,125.446949481964,155.81938680013,0,0,120.70255279541,0,156.050379435221,0,0,86.7187197493395,113.425005399264,149.915313720703,141.86289469401,0,91.6389418235192,56.0530875905355,89.5482898445108,101.720170338949,111.720252990723,126.368988672892,90.0230234781901,109.78681590822,116.344841003418,103.21625980578,0,0,104.88111114502,102.052257061005,105.070232840145,49.2605637368702,68.6522855758667,26.2430975231124,80.8166770935059,86.6345443725586,104.503730773926,86.4574201583862,116.184272003174,65.3403076758752,97.060026550293,97.3075942993164,0,96.5292348861694,92.1539857046945,0,12.5139441786578,80.8289384513066,127.256813049316,104.72815947837,0,24.0590502223747,25.7134731093617,25.2538996390387,33.7482677092262,82.0046119689941,93.1024735916493,30.803133698065,38.1758461163776,81.6749241692679,63.1471431178979,95.7261619567871,0,106.538677215576,67.443523092302
146.180725097656,84.9163957075639,88.437917796408,79.5768692016602,0,0,172.460891723633,153.613821278448,179.354882632985,136.694610595703,168.021827697754,129.56912689209,0,126.6667137146,163.877172851563,0,114.289960861206,103.392015921969,130.199409484863,108.372526986258,0,112.294469833374,101.303476333618,111.239327566964,139.885737101237,0,98.1178167542415,95.0624973332994,145.843727698693,183.774642944336,138.767846243722,133.965307235718,0,119.254676818848,106.408724060059,85.7921353253451,48.9243376997651,34.7212673154146,50.4704167893592,139.397354125977,0,156.843238194784,78.2355044214859,131.057940953214,95.5089848836263,125.218242492676,36.8102559536061,0,85.5470733642578,107.015737819672,0,80.8289384513066,6.46537638687817,51.5255250984666,22.7688667052376,0,32.1196735353347,60.416122941113,12.8600614735289,113.302566881533,74.7309894561768,30.5710179179792,55.8246220807613,99.7835560428853,19.9097228698061,45.715902941716,95.9587924663837,0,74.3551946367536,30.6194176211231
0,0,0,79.1461232503255,0,0,0,208.965270996094,0,0,0,86.1603726473722,0,76.472284870763,140.031402587891,0,0,111.366180419922,92.8529205322266,105.043089972602,0,0,0,130.809219360352,163.054443359375,58.1098670959473,89.26427761539,96.7488387339824,0,166.954483032227,0,87.3629813194275,0,0,107.375991821289,112.074081420898,67.0054651896159,77.4576683044434,71.4368177715101,0,81.910665512085,97.2521197979267,113.384364100865,94.2939049857003,0,180.732978820801,19.7125169211356,176.152236938477,43.1248945737018,105.545805023938,0,127.256813049316,51.5255250984666,5.43612457098691,8.99013327625063,0,88.6154953883244,112.149208068848,83.9870402812958,187.480728149414,39.1636569220741,14.7597285179674,62.7060837038102,142.461317062378,81.163238009891,94.8447155199553,39.766502428966,80.9289197921753,107.849296569824,50.2410417757722
157.831909179688,85.1747477604793,111.65627784729,72.9560093599207,196.845275878906,0,206.334569295247,175.920406341553,189.765185546875,153.431549072266,179.783386230469,95.3210201623305,177.271408081055,99.520751953125,175.364820692274,0,167.011271158854,105.606985788497,98.2254923582077,97.7752259572347,0,150.203426361084,136.618761698405,141.067590236664,173.494300842285,62.1462033589681,91.2366316598221,95.0909313680592,169.408430099487,152.637051052517,159.935330200195,106.476669311523,0,164.211871337891,107.298429654992,100.663997621465,51.3112909183946,56.4341373782186,49.5854121692217,0,106.868454933167,121.970252143012,100.053044181492,123.410778290635,115.610599941678,147.32576751709,22.445440435901,0,55.4883117073461,116.854239430147,0,104.72815947837,22.7688667052376,8.99013327625063,9.30291479030149,135.400184631348,72.806204755608,94.5454774514223,50.6503858726688,122.27053788129,42.6992351412773,18.868390162853,60.0909909817497,117.554796687892,103.211296095619,78.1956337760741,55.147195892334,84.6768913269043,99.3243529375862,34.5534728689707
0,165.453216552734,222.364669799805,140.049873352051,22.7544012670977,0,100.232186816988,107.017471190422,132.528137207031,70.8384165330367,82.631206071738,0,30.4906170471855,183.801732381185,147.128302001953,73.0472837175642,0,0,0,0,21.1771982762872,0,121.638294219971,190.093971252441,89.9683456709891,0,206.176528930664,199.174870808919,56.799649418525,115.333940505981,0,0,124.290390014648,131.912139892578,99.4554214477539,74.3539990319146,108.862373352051,128.953595479329,57.4713529698989,9.03359382164122,113.607961382185,35.7046578579311,44.9899349433149,74.3640877798702,26.7414609394716,15.728057278385,132.434305826823,9.47360715965758,0,84.8336322629774,42.2597522144824,0,0,0,135.400184631348,8.21907943910496,130.952209472656,0,0,16.9542400818538,0,164.561901092529,126.719494212757,26.3008427743673,85.5335167126778,122.41626739502,0,126.15293375651,80.5821914672852,85.0854194246489
0,0,117.057052373886,99.3639386494954,120.412437438965,0,150.083862304688,127.05582857132,148.051928710937,95.0813064575195,129.985778808594,168.394989013672,0,166.791595458984,141.893188476562,0,89.0865093273121,124.569220542908,138.285034179688,169.189506530762,0,94.2072069937723,77.9129298073905,95.6003825524274,105.150290512457,0,146.833465939476,120.143603634525,98.3719284351055,118.616866111755,101.753178868975,226.238754272461,0,97.0795135498047,97.4187808566623,71.4750051383512,76.7231459984413,61.8049558037743,70.3371489740187,0,96.0818450927734,90.4557067871094,57.302695506552,98.1813948495047,76.3492450714111,82.5738613200638,69.7825789828049,151.93888092041,118.99059009552,86.5602706597776,0,24.0590502223747,32.1196735353347,88.6154953883244,72.806204755608,130.952209472656,8.95312285461046,42.8439565737806,20.4298355660238,21.3377016149146,112.528442382812,83.9684382967381,68.2879298836844,22.5523703621557,68.8638904352856,23.6200679877833,126.729438781738,0,60.8644658980831,41.2059764812561
85.9370517730713,0,67.0198575800115,42.5002067379835,89.0922622680664,97.4991912841797,113.922337849935,97.5212902492947,130.754450284518,66.7719472249349,115.221004710478,119.402593231201,129.814929962158,105.834421240765,87.4413909912109,81.2763633728027,47.0687213351409,85.7127187861953,138.220726013184,106.89249420166,0,54.3130904813074,35.6290489410868,55.1164583251125,60.7279657745361,95.1740220876841,121.238402198343,60.9628017723477,62.066043958272,74.7114231504243,61.3430104308855,127.366933822632,112.737335205078,62.7913570404053,66.58610926046,59.2940075214093,23.5281980273319,38.1677554892015,23.4876068322047,66.871164533827,0,115.878406100803,70.8274931907654,98.854372660319,17.4872199134615,93.4691064622667,85.2846192752614,77.2158170427595,76.6096903850577,77.2627150300261,71.7810100979275,25.7134731093617,60.416122941113,112.149208068848,94.5454774514223,0,42.8439565737806,7.60542301761434,43.1617186376865,22.1783043058192,63.4181282670026,85.0186551309401,32.527820952736,47.9083518004483,63.2182460596532,44.4276170961175,94.3723533630371,0,46.3238665989467,53.7578778616787
141.258345603943,109.536125183105,93.8961533254282,92.4054506089952,117.311500549316,211.243072509766,173.883047485352,138.48042998562,164.733925529148,109.833873748779,151.831674194336,120.598486466841,0,131.001382827759,158.637841966417,226.797027587891,87.5487089689302,112.009446820642,151.995609283447,137.4470353968,0,97.8461414509682,65.620730468531,93.0201314869589,115.596357048882,124.755645751953,132.055154527937,90.8046490866644,121.153613587276,177.229370964898,117.170145737497,155.611139933268,197.252700805664,119.091696166992,104.201836688178,81.7598608779907,67.980876045227,19.7373392171042,47.220913280459,98.4160705566406,104.64893913269,110.726189546807,67.5189329165521,97.5196825281233,77.52799243927,84.89538029262,67.2177648677135,129.658889770508,96.0812774896622,95.8831237792969,103.733877182007,25.2538996390387,12.8600614735289,83.9870402812958,50.6503858726688,0,20.4298355660238,43.1617186376865,13.4896828868744,49.0258521422818,92.8484322684152,53.7238443288375,44.7880158179273,39.1912934343208,44.5489451779651,39.0596332954979,91.3811499277751,167.924392700195,81.1900063832601,45.6402556893025
110.29027557373,143.143508911133,138.228530671861,54.4236330761335,82.6006215757368,145.543229239328,110.735966530824,91.7436944278762,114.896908496139,59.7106585967831,98.2112237516427,178.134515762329,83.3746917872753,153.151475143433,121.91463875444,94.035038363549,102.313971575569,168.882102272727,215.738525390625,180.139157976423,81.3782302016778,90.6372035980225,73.5275561620319,127.345856587092,79.4299758538174,139.056439048366,167.241934055235,147.70488982074,86.3648696278938,116.311949958801,96.8801495001568,153.104614257812,154.552427019392,94.1554729974092,107.971033283308,66.1783407823339,65.3916382509119,106.633507204727,28.7190674143366,15.6808483974179,100.346896362305,63.6752066503519,43.9220252539878,75.0127684768996,16.9169310048563,39.406838249024,123.152318318685,19.9245968877519,109.080429520718,74.7689291354829,33.9413630713186,33.7482677092262,113.302566881533,187.480728149414,122.27053788129,16.9542400818538,21.3377016149146,22.1783043058192,49.0258521422818,8.75020637673353,95.0159850775027,123.472253374372,79.1395896992018,13.4899321582851,71.1686698627146,58.1115952205979,127.136557896932,115.840573992048,61.0081336655303,68.8253890846578
0,74.8956089019775,128.689493815104,41.4968468802316,176.957901000977,0,0,0,146.299072265625,121.09118270874,0,56.3727237757515,0,40.3521266424034,159.31226348877,0,0,127.213642120361,68.0061862945557,0,0,0,82.2199449539185,132.258941650391,131.976866149902,21.8320990331245,62.049639579228,65.8201928396483,131.956100463867,144.823974609375,0,55.8162360558143,0,0,83.8009581565857,113.827711105347,16.5176810562573,0,33.1683734113272,0,0,75.6012573242188,112.362535476685,139.511896769206,88.6528302450029,0,31.7808882810853,130.844563293457,18.3392291871118,120.490371704102,139.333377838135,82.0046119689941,74.7309894561768,39.1636569220741,42.6992351412773,0,112.528442382812,63.4181282670026,92.8484322684152,95.0159850775027,8.16402690993027,36.5287954937328,28.5507434005678,151.094036102295,84.1825475692749,105.532905578613,45.0999926995794,63.6179313659668,0,58.2969903234226
151.335038321359,71.5783557891846,83.8027556497165,78.0281139918736,157.736790974935,122.56787109375,168.699010213216,160.871691597833,162.557048402984,142.208362579346,181.484487915039,81.9982587597894,0,73.7426910539868,163.313315651634,0,134.163291482364,90.5234461894077,88.8903226658509,91.1865702485952,0,136.402090664568,119.066235224406,120.939458458824,157.786799456622,56.3949943311287,82.8845315878249,84.5758454962171,159.791814769398,144.25417973445,142.318855285645,83.5315347074937,144.290313720703,136.896759836297,99.5057600866121,106.767116264722,39.5513004610094,24.3347209888049,42.3156108847762,160.575877598354,124.587863377162,134.498212908135,100.609055972296,126.385437748057,113.893924077352,120.67349012565,27.0057476618272,175.646575927734,28.2390380009511,118.601272299159,137.793074925741,93.1024735916493,30.5710179179792,14.7597285179674,18.868390162853,164.561901092529,83.9684382967381,85.0186551309401,53.7238443288375,123.472253374372,36.5287954937328,11.4276970423933,29.080787210007,93.3694652264957,115.324673864929,81.6374014200128,11.7106553325575,116.507307529449,110.862001755658,54.5092068919262
149.211380794131,77.7481987476349,80.8913945593244,76.7073430379232,152.335693359375,158.727607727051,173.324928283691,146.543428064703,158.72872620922,149.380863792018,159.810480166704,86.753319667344,211.09366607666,73.8176208471719,159.727437973022,196.922286987305,98.5456259768942,94.1866527482228,94.0061038728316,96.110580590799,171.660456339518,124.46780820237,95.0736933358108,92.5899704186625,137.940697172768,55.5650248061594,86.5955449988141,85.8357972496484,140.355599403381,151.517059931679,135.297082505785,88.6006726803987,186.946151733398,151.57916368757,101.37830700945,114.304694418343,27.0976429717908,33.1826426300892,34.0091475879596,121.651607089572,168.209804534912,132.682527031217,96.4546370919575,128.318298784706,95.4042511452958,112.46861742093,45.4090587793291,143.969095865885,27.1602745862892,122.895672578476,125.546317390774,30.803133698065,55.8246220807613,62.7060837038102,60.0909909817497,126.719494212757,68.2879298836844,32.527820952736,44.7880158179273,79.1395896992018,28.5507434005678,29.080787210007,13.6637669576408,75.5697744183976,118.801744098446,91.6939490900293,18.1426738239078,144.820238286799,108.588637215751,63.1512358936029
118.653347015381,176.019053141276,126.391440695905,62.2988579624383,105.228215924543,151.894970417023,121.023973773978,101.396482949144,121.707993038337,77.768356380178,116.496891969328,169.233838762556,117.688930034637,166.359196980794,124.631399148758,126.068577067057,102.989193656228,148.686297209367,0,191.440709431966,114.586310927932,92.2733036677043,78.6295139111971,122.974714833527,89.3184539750019,179.731982421875,172.361938158671,137.270456010017,94.0669648182909,118.549620497854,96.4170355978977,180.745178222656,162.165335083008,93.3497812444513,105.499322341264,68.1486511873974,106.680123762651,58.8355411054682,43.2495773935003,9.30507632585835,109.456764622738,54.3438494006666,18.4629987953103,73.2884078999316,38.1253236479134,22.5546806162779,122.354309445336,40.6349707082286,133.095516204834,77.3476108457984,70.6590204834938,38.1758461163776,99.7835560428853,142.461317062378,117.554796687892,26.3008427743673,22.5523703621557,47.9083518004483,39.1912934343208,13.4899321582851,151.094036102295,93.3694652264957,75.5697744183976,8.74568271745066,75.1370598974494,36.4869643499645,145.225905418396,120.473829905192,63.9300004521776,65.3983505048115
115.608982086182,0,147.592203140259,81.5674374898275,140.333784739176,201.895584106445,152.844797134399,128.815645918061,149.120802407736,98.1037728445871,145.79159749349,194.704935709635,151.522827148438,148.096466064453,146.0335105896,154.064895629883,112.998188018799,171.454559326172,0,189.252304077148,137.155029296875,128.629653481876,102.323802947998,144.090364074707,120.31032880995,150.039123535156,170.224434746636,162.891346295675,118.014431976854,150.065703293373,118.505672454834,0,0,117.888386726379,125.465414864676,12.0646742849011,105.456020702015,113.176418840215,64.5693286772697,88.5503188811981,18.570090627615,34.4840761208302,43.3559785176871,19.5621035221513,58.260389979407,79.1996363466315,51.3528810719686,89.2073999892834,115.336213805459,16.5143771673944,52.3675685209386,81.6749241692679,19.9097228698061,81.163238009891,103.211296095619,85.5335167126778,68.8638904352856,63.2182460596532,44.5489451779651,71.1686698627146,84.1825475692749,115.324673864929,118.801744098446,75.1370598974494,8.58631681581986,27.3021434809455,128.905255070439,9.20140191926653,9.17282410155719,25.515461695422
116.1491154262,122.258270263672,116.737638415712,64.4188570853991,121.480308532715,144.198145548503,146.680900149875,112.062985389463,134.575997099584,85.46770967756,160.792030334473,180.706979751587,107.481079101562,164.321696472168,130.337172042492,106.882671356201,95.4151707139126,133.674642835345,153.592829386393,163.704223632812,0,92.7265880248126,70.4613763676133,114.067231091586,96.1606171808125,154.393203735352,138.015430995396,132.146963510169,96.9864293615558,114.554197069625,99.1678087824867,0,174.803695678711,92.3502937085701,100.461898803711,24.9592186665707,89.9143665631612,52.5888877015365,52.5970200912625,80.991831265963,183.589447021484,96.6526386472914,17.0312578441205,73.2191091264997,46.9463006258992,86.2203041423451,81.1497233828208,120.959619140625,119.731695605863,58.3799753169531,81.8921356201172,63.1471431178979,45.715902941716,94.8447155199553,78.1956337760741,122.41626739502,23.6200679877833,44.4276170961175,39.0596332954979,58.1115952205979,105.532905578613,81.6374014200128,91.6939490900293,36.4869643499645,27.3021434809455,10.8476930349773,126.276396179199,97.0292841593425,29.1031328692581,37.9833891172456
0,93.3097457885742,124.213877360026,86.4169101715088,0,0,0,183.67546081543,137.332916259766,0,0,84.0545771916707,0,74.5070925585796,0,0,0,124.592971801758,93.9864113547585,121.098022460938,0,0,139.44457244873,0,0,62.3341234479632,95.8681992680193,98.754542305356,0,123.250923156738,0,88.7919554029192,0,0,121.934254964193,142.673126220703,64.5097373679832,75.229317135281,61.261061706543,0,0,139.778933207194,136.745817284835,148.243524499842,129.902976989746,143.050994873047,16.9374413658738,0,14.486005350179,135.221784284038,109.823867797852,95.7261619567871,95.9587924663837,39.766502428966,55.147195892334,0,126.729438781738,94.3723533630371,91.3811499277751,127.136557896932,45.0999926995794,11.7106553325575,18.1426738239078,145.225905418396,128.905255070439,126.276396179199,5.77269197751859,0,121.938285827637,61.3160810220928
0,0,0,0,0,0,194.808624267578,0,181.074340820312,110.758445739746,0,0,0,0,220.563461303711,0,0,0,0,0,0,0,0,161.485885620117,158.997357686361,0,0,0,162.273391723633,201.324310302734,0,0,0,0,0,89.7007675170898,0,149.264450073242,99.637565612793,0,8.11538527682023,21.2998155034921,109.928631431178,12.0021233194979,101.475978851318,103.101939151162,51.2238584481753,100.895046234131,60.7293586730957,14.9042662701798,44.8045790701201,0,0,80.9289197921753,84.6768913269043,126.15293375651,0,0,167.924392700195,115.840573992048,63.6179313659668,116.507307529449,144.820238286799,120.473829905192,9.20140191926653,97.0292841593425,0,4.76241614356127,0,31.6155399566001
98.8970718383789,0,178.98789469401,76.1836029052734,106.156753540039,0,135.20961151123,114.541295732771,128.800584581163,86.9538421630859,140.121738857693,0,130.011779785156,0,133.854186318137,133.408615112305,0,0,0,0,0,92.5296096801758,71.115743637085,149.510866800944,103.756376579626,0,0,140.182891845703,103.077499389648,129.165231323242,109.13293762207,0,0,0,112.676126480103,19.2440175730667,106.415311177572,107.144685745239,51.9370958563987,80.0043540000916,71.7140197753906,82.6278132685909,56.8536579194897,81.1423427718026,49.7223660151164,74.1878895434031,106.226801785556,79.9521827697754,118.869204203288,34.8116729924845,100.478000640869,106.538677215576,74.3551946367536,107.849296569824,99.3243529375862,80.5821914672852,60.8644658980831,46.3238665989467,81.1900063832601,61.0081336655303,0,110.862001755658,108.588637215751,63.9300004521776,9.17282410155719,29.1031328692581,121.938285827637,0,6.38504025145887,16.7972670156537
159.255359649658,99.6157150268555,97.6572111495818,92.4232029914856,133.569369229403,178.119537353516,142.234548187256,133.530785220793,150.422878998977,113.737499237061,154.394847412109,116.130386151766,148.275543212891,106.74079813276,147.854710218641,152.23583984375,102.680516624451,113.035245606394,112.39021174113,111.787861136503,165.622505187988,105.342462392954,103.753038167953,106.420498037937,111.734705893646,84.0043627421061,103.67770722118,102.267344722041,113.101382185773,163.142824509565,114.003348565871,120.298325220744,174.48307800293,127.080228169759,116.209720029669,53.0790547355191,59.039908324473,56.6191288630168,56.9808033731036,85.0908076612255,29.6127778873887,55.007358370633,68.038596224675,45.277290172529,56.4534925480479,77.5193512996354,23.7262039098708,85.5397043485899,53.0071645975113,33.1620852784085,48.7224283854167,67.443523092302,30.6194176211231,50.2410417757722,34.5534728689707,85.0854194246489,41.2059764812561,53.7578778616787,45.6402556893025,68.8253890846578,58.2969903234226,54.5092068919262,63.1512358936029,65.3983505048115,25.515461695422,37.9833891172456,61.3160810220928,31.6155399566001,16.7972670156537,9.65436238687612
