1.0000000000000,0.0884629563183,0.2904802190279,0.3444072159169,0.4424057927938,-0.0267085899494,0.2116009071411,0.1451393469697,-0.0168753067407,0.4863400304903,0.1704287809185,-0.1617461957171,0.4909912639110,-0.3272402729589,0.4818424887882,0.2324973328535,0.4697775419099,0.4723893725913,-0.2971194836542,0.2827984777038,0.4829562196845,0.3083927755526,0.3577927288539,0.4405892826857,0.1289100743369,0.2153742738683,-0.0015014684481,0.0986935636480,-0.0037897674021,0.4342369303870,0.3507029243685,-0.1582527211538,-0.0789215683559,0.4429205243304,0.3514979826695,0.5038265789907,0.2079752260620,0.2359290193964,0.1481002022669,0.4168747285333,-0.0804473549986,-0.0774259232960,-0.0505893169439,-0.2324640521148,0.3767471649002,-0.0620209337306,-0.2133026422840,0.4011985514425,-0.0859553013209,-0.1131474460174,0.0286694571244,0.4963862431950,0.2695622945699,-0.1871986417150,0.2892433038701,0.4656187416803,0.3139938254697,0.3560807561337,0.2608557298408,0.3255974734047,0.2460285802793,0.0222329797871,0.0118856513238,-0.1889359546301,0.2197767079213,0.1475191835086,-0.3127873880153,-0.1050966217362,0.3076526934669,0.2710247672600
0.0884629563183,1.0000000000000,0.0959694407544,0.5701087074531,0.2534137338223,0.0497710142210,-0.1884622702621,-0.2716282349126,-0.3118429288761,0.1708234054132,-0.1939232357512,0.1204310191609,0.1936200575663,-0.0341941650146,-0.1694833245674,0.1539313460418,0.0792324846927,0.3861466463449,-0.0199971799808,0.0986268991921,0.1998084436644,0.2916952857466,0.5300071970263,0.3254689626825,0.4874272237149,0.3933428505132,0.4914996845557,0.2363920537390,0.3570622719014,0.2999088367758,0.4028760278906,-0.1295239387541,0.0293865399218,0.3300580758261,0.5096554439782,0.3392661347646,0.7054033575254,-0.2689690019708,0.5828158787572,0.3230758832955,0.1937517072302,-0.0474486155010,-0.1080405999000,-0.1361594045123,0.1857357748713,-0.0440831094666,0.1039436895174,0.1785796714753,-0.2744042590761,-0.0707833607657,0.2686534209702,0.0309686608375,0.3288994334066,-0.1779886394788,0.2201120951527,0.1975204248299,0.0187002243714,0.4713887447466,0.2807214750451,0.3483415314395,0.2280271288091,-0.0685908753788,0.0282761442090,0.1455093656396,0.3254427726019,0.3155447080130,-0.0727736533759,0.1403587692241,0.3961193571670,0.5054281058332
0.2904802190279,0.0959694407544,1.0000000000000,0.3925546620335,0.2068736067567,-0.0744998329562,0.0537737759985,0.2549636259997,0.1462065232865,0.3355296316124,-0.0089228041764,0.0114597498794,0.2238947523254,-0.0967940758857,0.1195597659276,0.1539122955430,0.3026690752474,0.3276594964679,0.0045425628056,0.1520723120521,0.3813592843853,0.3938997184898,0.3695398890224,0.5354682711636,0.2636702373594,-0.0315562622956,0.1673055325378,0.4115337558346,0.3235611160687,-0.0217094000983,0.3499165988309,-0.2203991715085,-0.1425576194398,0.1995354915964,0.1340211808075,0.1054517872166,0.1466338404572,0.3825419888155,0.2729868394954,0.1130177249363,-0.0596743480683,-0.0028652970623,0.1557172186860,0.0610571888728,0.2972893674056,-0.0648122268355,0.0203179041175,0.1080648036479,-0.0749046432435,0.0728575622894,0.0859916008029,0.2601029604250,0.1903464472139,0.0550072017826,0.0992539625473,0.3098648654643,0.2248770001992,0.2434109453408,0.3196162963166,0.2107347627308,0.0507820831174,-0.0103724480499,0.3785884703132,-0.0825298668672,-0.0612484816261,0.0832122442732,-0.3063373091744,-0.1670858678577,0.1002515653364,0.1261581242087
0.3444072159169,0.5701087074531,0.3925546620335,1.0000000000000,0.4110289062837,0.3561863498498,0.2327986435180,-0.2684163361823,0.0800963545993,0.6066024941573,-0.1698648444326,0.1290408379327,0.4671535142476,-0.0696210807157,0.1132793737693,0.6035167536583,0.1890132825853,0.3709051912284,0.0543688723323,0.1481517016853,0.3660758643598,0.2609668864494,0.7116844108267,0.3111769807773,0.5272625894266,0.3083344020504,0.1237498273313,0.0901024300834,0.2572829846414,0.4002321818412,0.3120033624010,-0.2218622575585,0.1921490369972,0.5330993859770,0.6797495388943,0.4450120532379,0.5210180252296,-0.0170132569174,0.8444797729945,0.4137022621403,0.3836590944025,0.1702899270430,-0.0373368271878,0.0840828376541,0.6766691085716,-0.1087861351493,0.2182537151566,0.3987493280009,-0.1759925083881,0.2037101946762,0.5936813962963,0.1871673551901,0.3758730608976,0.0941264274345,0.3106634042950,0.3723001302151,0.0479995965087,0.5732878455112,0.1855567870033,0.5670116997452,0.2494450593061,-0.2152512159155,-0.0162136595207,-0.0505636384069,0.3937686208987,0.1591495701002,-0.2174598246851,0.1848526378802,0.4969559023683,0.7075452832370
0.4424057927938,0.2534137338223,0.2068736067567,0.4110289062837,1.0000000000000,-0.1090988311917,0.1908143674033,-0.1082435509573,0.0426105009927,0.3999689834998,0.4229470786722,-0.3374334338588,0.7197786654720,-0.1370677714509,-0.0436771748079,0.1487171562111,0.3091110428696,0.0250869889096,-0.2427423488142,-0.2138379982257,0.6869192605937,0.3300648810711,0.4792510443537,0.3623150656060,0.4708888143156,-0.0804818224578,-0.0526978938753,-0.0334146909725,0.1880860089772,0.3485705453484,0.2298030277514,-0.2812934219392,-0.1435142783237,0.3531649915003,0.1455194185608,0.5055535213248,0.2233245654452,0.0002716011559,0.2622326237295,0.8296519987937,0.0316726990738,0.2020622688100,0.1610813312313,-0.0149320363271,0.4829453072747,0.4041260406120,-0.1133981388321,0.7379813421066,-0.3776596803062,0.0014629715337,0.1389815732796,0.3521817958128,0.2234158384112,-0.3080718405105,-0.0876592202911,0.6473020134950,0.2573931011671,0.4556574569244,0.2880652260011,0.5711608114841,-0.2180947545873,-0.2497605830585,-0.1609448788621,0.0777321101957,0.3332290014269,0.3301928848481,-0.3700363515468,-0.0279019625808,0.4874898449692,0.2514543122905
-0.0267085899494,0.0497710142210,-0.0744998329562,0.3561863498498,-0.1090988311917,1.0000000000000,0.5259939807554,-0.2653047339980,0.4781323772924,0.1592950070510,-0.0851281883516,0.4767158024303,0.0227816431744,0.1343939179403,0.3453429795672,0.7574959901040,-0.2733088912565,0.0805201275267,0.2764786676388,0.1485935078126,-0.2290630532522,-0.2858641365997,-0.0279106213474,-0.2609382552777,-0.0040338305384,0.2146301821091,-0.0082094905416,-0.0703929654250,-0.0288440509122,0.2943864809586,-0.0865561080910,0.0844167091318,0.7532674445845,0.2871039969606,0.5095146741567,0.0507428283493,-0.0794779495106,-0.1801224091372,0.3820041293478,-0.0691069240434,0.7525809818940,0.4412717184067,-0.2882219161274,0.4397451664908,0.2222241992200,-0.1555960153081,0.4703852935893,0.0608326823393,0.0371279535817,0.2788072501844,0.7073057382898,-0.2817404756370,0.0659660338205,0.3097342876895,0.2292853652814,-0.1721196580454,-0.3422648953331,-0.1075879598223,-0.3325974295369,-0.0635961678167,0.1402524631376,-0.1387914904197,-0.1337275858526,-0.2174362394428,0.2868883035218,-0.2900714503153,0.1446159350937,0.6435450491102,0.1766710981827,0.5267039819403
0.2116009071411,-0.1884622702621,0.0537737759985,0.2327986435180,0.1908143674033,0.5259939807554,1.0000000000000,-0.2697308919687,0.7790717665281,0.2198787286276,0.3866660900351,0.2898634141169,0.5406942900034,-0.0824015090773,0.3507650654022,0.6073792672091,0.0150309165964,-0.1221338202296,0.0989326566538,-0.0223544074033,0.2327743222306,0.0017963236218,-0.0148587514854,0.0015438029587,-0.1483069307661,-0.0119349380132,-0.2838312712310,-0.2888806166672,-0.0241692347161,0.2789223781762,0.0383862901782,-0.0913801127818,0.3635004418665,0.2178376123802,0.3710925061363,-0.0641378922219,-0.1381434626256,0.2662800019316,0.1097890294771,0.1947089533236,0.2454273758305,0.5475374021657,-0.4074993459250,0.4157629809871,0.1432126396273,0.0392435633069,0.2934098413746,0.4285028545636,0.0259070357753,0.0956263692267,0.3561177412441,-0.0146995805911,-0.0312782081734,0.1684546338796,-0.0389527113901,0.1797660056549,-0.0686014980938,-0.0878847228521,-0.1333558575159,0.0165920381422,-0.0188127601309,-0.0585230905117,-0.1921787844547,-0.1411088354872,0.0266876005318,-0.0875939778462,-0.2006503617522,0.2540777142654,0.0292668241156,0.2357358447684
0.1451393469697,-0.2716282349126,0.2549636259997,-0.2684163361823,-0.1082435509573,-0.2653047339980,-0.2697308919687,1.0000000000000,-0.1885965774329,0.1487960900570,0.0943622419015,-0.0794784635135,-0.1864645498764,-0.0825029666905,0.3388213597002,-0.2416978745957,0.0864508906159,0.2131883822260,-0.1382494845075,0.3378530629851,0.0690103582497,0.0318247257235,-0.1597509394296,0.0521598462753,0.1710752554437,0.1107697401209,0.1543163708857,0.2469721429107,0.2645676911919,-0.0976901395317,0.2120814834005,0.3943344796255,-0.1272272007270,-0.0954324836769,-0.2783566915911,-0.1466844308889,-0.1313064590700,0.1231138047257,-0.2161158986235,-0.0102925377227,-0.3909967555544,-0.5666221482810,0.3918040526226,-0.5038033656764,-0.0262153601621,-0.2239178495875,-0.4292693892578,-0.2189009118740,0.3553646205830,-0.1655597862169,-0.4264289741713,0.0128063056648,-0.1227437802221,-0.0897263094104,0.0252051775330,0.0715904013856,-0.0911661480752,-0.2147977071528,-0.1909540405794,0.0447449798486,0.2552469070897,0.4146225657460,0.2655988552479,0.1850356041023,-0.3874517304593,-0.2458669916749,0.2543477043395,-0.3717956238464,-0.3204236602599,-0.4195953276926
-0.0168753067407,-0.3118429288761,0.1462065232865,0.0800963545993,0.0426105009927,0.4781323772924,0.7790717665281,-0.1885965774329,1.0000000000000,-0.0289636159525,0.4031927486437,0.3479211987395,0.2187321160741,0.1976434074532,0.3509400534267,0.4596573568473,-0.1436759216061,-0.2592569653535,0.3663005339720,-0.1055224133452,0.0547621426389,-0.0379617492960,-0.1648771082751,-0.0946240427218,-0.1551235547241,-0.1471311604684,-0.2922549497486,-0.2285731592554,0.0955132928108,0.1219151326567,0.0065158002586,-0.1528708426631,0.2466409772146,0.0759192011248,0.1249357827461,-0.1429099738298,-0.2579020693493,0.2245575822408,0.0560033886837,-0.0782484851416,0.2342043174870,0.5790420875230,-0.2053174916926,0.6474670796734,0.0166422015759,0.1473025405528,0.4567938154712,0.1272636147635,0.1168188456798,0.3154522253966,0.2693154939152,-0.1648425256990,-0.1526271247224,0.3638935357451,-0.1804612336026,-0.0123972863203,-0.1014271642234,-0.2430571872639,-0.1409143815434,-0.1187645845082,-0.1710168796928,-0.0989454319083,-0.0965635123304,-0.0479980652804,0.0080487974916,-0.0804500871754,-0.1608785670271,0.2208833733365,-0.0781506714736,0.0629992786678
0.4863400304903,0.1708234054132,0.3355296316124,0.6066024941573,0.3999689834998,0.1592950070510,0.2198787286276,0.1487960900570,-0.0289636159525,1.0000000000000,-0.1877718334417,-0.1065408085502,0.5601823151975,-0.2258511858246,0.1503386916251,0.4881047247531,0.4498184362354,0.2189250059352,-0.2377577576577,0.1008806113764,0.5608616625359,0.2604473325573,0.6328587495260,0.3542239178106,0.4048029361534,0.2242123582559,-0.2314062080542,-0.0419870521744,0.0326421375453,0.3382893938883,0.2514844545219,-0.1564705986684,0.1256659273269,0.5397953843935,0.4763243169605,0.2685537224396,0.2634052009474,0.1986937767409,0.3936607504003,0.4729304013469,0.1058455055305,-0.1100165684756,-0.0856974137407,-0.2508996574759,0.8326194906750,-0.3221021417804,-0.1525628104173,0.4931520337801,-0.0218679392655,-0.1735856727427,0.3256802091308,0.4625566050099,0.1911356901326,-0.1445448102253,0.1588113983714,0.6016698275747,0.1926817557889,0.5496244458196,0.1627248545250,0.5656712670076,0.2624116686638,-0.2043979077232,-0.1567171877796,-0.2107956873361,0.1267404336372,0.0600243188016,-0.3034969582530,-0.0228700880135,0.4008583238675,0.4175956154404
0.1704287809185,-0.1939232357512,-0.0089228041764,-0.1698648444326,0.4229470786722,-0.0851281883516,0.3866660900351,0.0943622419015,0.4031927486437,-0.1877718334417,1.0000000000000,-0.0747034399848,0.2737000752675,-0.0338373783366,0.2330717679946,-0.1047565857446,-0.0064039586238,-0.2515412590076,-0.0497292276440,-0.1252492714900,0.1507408058531,0.0706896335163,-0.2217424648515,-0.0023802731286,0.0177981230611,-0.1126937335650,0.0413491878965,0.0283725094303,0.1938180974439,0.1557256297145,-0.0574284701068,0.1081607709838,-0.1994428743650,-0.0638284229478,-0.2293439831766,0.0092197264690,-0.1909733943102,0.0686804866588,-0.1411907511501,0.3995441875329,-0.1946260607844,0.2968707424897,0.0160300922336,0.1920890860377,-0.2045068119798,0.5978870488080,-0.1151207525897,0.2951907147423,0.0195006096785,0.0565816579240,-0.1873684439181,-0.0176068725132,-0.2685166741646,-0.1200323336203,-0.3442596226159,0.0582398831262,0.0313382227832,-0.2171203744619,-0.0715362063479,0.0261893759783,-0.1165381314961,0.1139899408901,0.0864439331955,0.2407869389590,-0.0634093179485,-0.1002879837723,-0.0343358100472,-0.1461965796342,-0.0888587973234,-0.3016069268590
-0.1617461957171,0.1204310191609,0.0114597498794,0.1290408379327,-0.3374334338588,0.4767158024303,0.2898634141169,-0.0794784635135,0.3479211987395,-0.1065408085502,-0.0747034399848,1.0000000000000,-0.1951008554523,0.4140522146496,0.3676043464275,0.3626953529246,-0.2421555769807,0.1434545047148,0.5711509544093,0.3451261568608,-0.2610350986705,-0.1035324872021,-0.0720699887423,-0.1139722744195,-0.0478473313759,0.3220847820453,0.2478055605460,0.1329299847508,0.2020361599542,0.1906651420631,0.0512222355439,0.3004570594922,0.5355969800941,-0.0000738542637,0.2658014297334,-0.1435489358516,-0.0468718905851,-0.1951688547124,0.2123677435458,-0.2150497223179,0.3039834083329,0.2530363313197,-0.2620693182760,0.3328867560719,-0.2064230716750,-0.1611005442111,0.6643454205133,-0.1734945428259,0.4549468223052,0.2376496198633,0.3280158707786,-0.2837921542387,-0.1727110312490,0.5190416047997,0.1369353437920,-0.2915062188465,-0.2501346287761,-0.1460536010228,-0.2290915097059,-0.2663292677711,0.2941475917688,-0.0434535070640,0.0421759173464,0.1398248339406,0.0944044373119,-0.2378124913520,0.3497413844761,0.4135413501644,-0.1105009249745,0.1274852301554
0.4909912639110,0.1936200575663,0.2238947523254,0.4671535142476,0.7197786654720,0.0227816431744,0.5406942900034,-0.1864645498764,0.2187321160741,0.5601823151975,0.2737000752675,-0.1951008554523,1.0000000000000,-0.2187796175736,0.0548269638824,0.3175007454954,0.3992874848287,0.0554968565894,-0.2017764776897,-0.0844027256183,0.8190544360863,0.3507190634611,0.4504836297007,0.4001062259859,0.2027175731882,0.0053228986345,-0.1574700022694,-0.1716562850642,0.0458110508623,0.3381995762959,0.2635701838700,-0.3334474572260,-0.0330659880459,0.3917114288959,0.3385092334636,0.3046178354110,0.2545176512026,0.2285195415311,0.2186633431645,0.6448719044087,-0.0121152237151,0.1944483192222,-0.1323092364736,-0.0308644026130,0.4693417928832,0.1862390761813,-0.0579484584905,0.8289242396663,-0.2057560487244,-0.0767532671869,0.1744883160705,0.3810910512580,0.2869577046180,-0.2012000638871,0.0123543290699,0.7777072044458,0.2426563815547,0.3821139783830,0.2338691237608,0.4482400494054,-0.0903491051856,-0.1439780351910,-0.2313828167454,-0.0916701905459,0.2118221484517,0.3163864859960,-0.5134861836003,-0.0948953598792,0.3421188816373,0.3249696635442
-0.3272402729589,-0.0341941650146,-0.0967940758857,-0.0696210807157,-0.1370677714509,0.1343939179403,-0.0824015090773,-0.0825029666905,0.1976434074532,-0.2258511858246,-0.0338373783366,0.4140522146496,-0.2187796175736,1.0000000000000,0.1512630830273,-0.0101952784705,-0.2842413397503,-0.1674451398528,0.8076980037280,0.0119435890414,-0.2077223527831,-0.1892476453457,-0.1019990059494,-0.3219081916024,-0.1130551795528,0.2046118380529,0.1461950156724,0.2831921520739,-0.0869520969301,-0.0898174009340,-0.3082354799812,-0.0578530204542,0.1847179096441,-0.1868307490352,-0.2939464343781,0.0278831285599,-0.0704228941578,-0.5256846586926,0.1064997638940,-0.3056548923496,0.2012067403168,0.2569841712082,0.0448653568158,0.3185752172907,-0.1071890838546,0.3552468357086,0.6370247045793,-0.2393475113008,0.5136442660646,0.5783415497127,0.0774450438713,-0.2352012434493,-0.2275158896301,0.5458187958830,-0.0964661990962,-0.2493211914467,-0.1139321724095,-0.1912884650116,-0.1059087070800,-0.3814695425598,0.0016568363706,-0.2969086900429,0.1692694583176,-0.0073520983059,0.2253393176991,-0.2694586503625,0.1553029742013,0.3133386176440,-0.0971378016278,-0.1273922889291
0.4818424887882,-0.1694833245674,0.1195597659276,0.1132793737693,-0.0436771748079,0.3453429795672,0.3507650654022,0.3388213597002,0.3509400534267,0.1503386916251,0.2330717679946,0.3676043464275,0.0548269638824,0.1512630830273,1.0000000000000,0.3475070875366,-0.0351432801967,0.3660819756541,0.2697196793394,0.5453073873086,-0.0019120764995,-0.0660800079789,-0.1286083422872,-0.0650663817737,-0.1114291826332,0.3905961001768,0.1442449965458,0.2724973960393,0.0454932218611,0.2971602438668,0.0972135302035,0.2595548327392,0.2953793496090,0.1289382374925,0.1614211935979,0.1095744563910,-0.1279161574753,-0.0362567047694,0.1353859727996,-0.0400627184514,0.1156707103568,0.0439011304766,-0.0800124303849,0.0282690073670,0.0561307909519,-0.1332945965124,0.1313449517118,-0.0335593196741,0.4218206646478,0.2502614693582,0.1069290340252,-0.0688565587874,-0.0729167125401,0.3152286035455,0.2534450660037,-0.0388299953467,-0.1131443014394,-0.2051001713610,-0.2209770711357,-0.1698278132108,0.4259144259746,0.1263834100401,0.2069972896858,-0.1103283522019,0.0176855940564,-0.3365954061559,0.1783157413407,0.1712705045054,-0.1135481756017,0.0295945752399
0.2324973328535,0.1539313460418,0.1539122955430,0.6035167536583,0.1487171562111,0.7574959901040,0.6073792672091,-0.2416978745957,0.4596573568473,0.4881047247531,-0.1047565857446,0.3626953529246,0.3175007454954,-0.0101952784705,0.3475070875366,1.0000000000000,-0.0388103446680,0.1608866513693,0.1463519034625,0.1306851047268,0.0748528830516,-0.0293961148680,0.2712888563041,0.0043151461254,0.1611712395334,0.2484631254863,-0.1292009904437,-0.1243032656281,0.0805412829211,0.5093615569311,0.1038289561720,-0.1420039857011,0.5059880967054,0.5304734299328,0.7056006776081,0.2119390956157,0.0934411392447,0.0141945751271,0.5439500556201,0.1610050202936,0.6656470027023,0.4208389960372,-0.3027428486496,0.3254215322782,0.5430974271935,-0.2644012625331,0.4339059976872,0.3198324130317,-0.0762550170427,0.1998648068176,0.7872357165976,-0.0195050879144,0.1840969074818,0.2772776685617,0.2574351675158,0.1021010806685,-0.1400153065956,0.1907495004508,-0.1211739858197,0.1991389828958,0.2251110796124,-0.1987640536393,-0.1534895894628,-0.2342104363889,0.3785449548871,-0.1576240378653,-0.0992105019527,0.5054791493820,0.3932360401955,0.6894776017347
0.4697775419099,0.0792324846927,0.3026690752474,0.1890132825853,0.3091110428696,-0.2733088912565,0.0150309165964,0.0864508906159,-0.1436759216061,0.4498184362354,-0.0064039586238,-0.2421555769807,0.3992874848287,-0.2842413397503,-0.0351432801967,-0.0388103446680,1.0000000000000,0.1102462857198,-0.4002809357537,-0.0452800236908,0.4561824375035,0.6599851759434,0.5696823315335,0.7183983124654,0.1808127917422,-0.0193345175638,-0.2201140229329,0.0414839354681,0.0419791812150,0.2312864489004,0.3769109041603,-0.1728242974244,-0.1460465581571,0.4543447572429,0.1830019893055,0.0848931917961,0.1384987383210,0.4249558385218,-0.1423754018426,0.2771634784441,-0.3780072627632,-0.2993813187943,-0.1393867751516,-0.3524100245003,0.2337200373198,-0.1756335056976,-0.3376091168927,0.2503965633893,0.0133821369856,-0.4605523497012,-0.2385876203501,0.9358001179975,0.0670663739033,-0.3902918601994,-0.0722242011400,0.4398174283979,0.7075631926914,0.5798040984302,0.6480772837066,0.4059109149040,0.0154042269675,-0.1320112543218,0.0233629605901,-0.0451700509960,0.0088947336849,0.3914806775729,-0.3907194809914,-0.3544814529951,0.2136120678720,-0.0167121772986
0.4723893725913,0.3861466463449,0.3276594964679,0.3709051912284,0.0250869889096,0.0805201275267,-0.1221338202296,0.2131883822260,-0.2592569653535,0.2189250059352,-0.2515412590076,0.1434545047148,0.0554968565894,-0.1674451398528,0.3660819756541,0.1608866513693,0.1102462857198,1.0000000000000,-0.0107020108870,0.7545205903075,0.1533046964442,0.2577069877460,0.2394960371973,0.3585346797385,0.1117401181066,0.3568877527835,0.4369387732982,0.3694407983518,0.2401832210319,0.1986994644423,0.4358147009547,0.1210532934451,0.1631180004700,0.2477143167940,0.4551892105642,0.3008287930978,0.3958104107389,-0.1399376906942,0.3789464476435,0.1345167914003,0.0421178425860,-0.3015571815742,-0.1040847839290,-0.3382654531640,0.1103929024127,-0.3142029891661,-0.0908298989613,-0.0101632975292,-0.0235746272247,-0.0169682469172,0.0982895605261,0.0584394643093,0.5185693762293,0.0270424232023,0.6977887811775,0.1820284025921,0.0323259368512,0.1457954514100,0.1801742584076,-0.0004509323554,0.4119165937630,0.1987678550332,0.1761146995914,-0.0499586166317,0.1043256693027,-0.0205988399822,0.0660097097614,0.0569110981386,0.1373278226504,0.3780031155972
-0.2971194836542,-0.0199971799808,0.0045425628056,0.0543688723323,-0.2427423488142,0.2764786676388,0.0989326566538,-0.1382494845075,0.3663005339720,-0.2377577576577,-0.0497292276440,0.5711509544093,-0.2017764776897,0.8076980037280,0.2697196793394,0.1463519034625,-0.4002809357537,-0.0107020108870,1.0000000000000,0.2292008225980,-0.2176360180100,-0.1947956433064,-0.1108780689595,-0.3446390005385,-0.2152882704927,0.1726006757131,0.1478017485317,0.2080445233795,0.0214202047198,-0.1070917624662,-0.2092015426596,-0.0050108698371,0.1902100477123,-0.2169217583378,-0.0964075265701,-0.0081486479128,0.0426085394858,-0.4754965054120,0.2592217051945,-0.3185571110135,0.2524140467595,0.3396601961110,-0.1165958269353,0.4293433237480,-0.1442798391519,0.2215935615566,0.7191078798301,-0.2266927376418,0.4721778351715,0.6460275706088,0.2295279044771,-0.3768000944985,-0.1139745677889,0.7482384611530,0.0554647667488,-0.2459145094278,-0.2030095854117,-0.2443595031738,-0.1535709427800,-0.4637965464434,0.0726669311594,-0.2075735594954,0.1104445831727,0.0271665049123,0.1502494741667,-0.2761841557770,0.1969789648838,0.2808038744403,-0.1718903878618,0.0370090029686
0.2827984777038,0.0986268991921,0.1520723120521,0.1481517016853,-0.2138379982257,0.1485935078126,-0.0223544074033,0.3378530629851,-0.1055224133452,0.1008806113764,-0.1252492714900,0.3451261568608,-0.0844027256183,0.0119435890414,0.5453073873086,0.1306851047268,-0.0452800236908,0.7545205903075,0.2292008225980,1.0000000000000,-0.0192042699832,0.0213838062715,-0.0414538365941,0.0628882931428,-0.1067166745631,0.5030227335100,0.4467652627801,0.3755517774873,0.1760729088626,0.1965789426059,0.2170156694302,0.3420562052769,0.1738258503294,0.0427521839924,0.3201188344552,0.0302336000420,0.1679356420232,-0.1707604229170,0.1702573783144,-0.0483838201150,-0.0435646134588,-0.3365690471565,-0.2253586243617,-0.3309530978288,-0.1032690388962,-0.2644045290078,-0.0303791157195,-0.1529194909547,0.2752430708863,-0.0095504578047,-0.0048254740308,-0.1238587663891,0.2362990538478,0.1913984520282,0.6352965158065,0.0304254552221,-0.1571061729851,-0.1582951591205,-0.1289049019170,-0.2606554068101,0.5195492994036,0.2678993128546,0.2073500218199,-0.0111151763889,-0.0826567403495,-0.3055631709562,0.2481551505120,-0.0287279630120,-0.1270708425183,0.1501129284647
0.4829562196845,0.1998084436644,0.3813592843853,0.3660758643598,0.6869192605937,-0.2290630532522,0.2327743222306,0.0690103582497,0.0547621426389,0.5608616625359,0.1507408058531,-0.2610350986705,0.8190544360863,-0.2077223527831,-0.0019120764995,0.0748528830516,0.4561824375035,0.1533046964442,-0.2176360180100,-0.0192042699832,1.0000000000000,0.4440733766850,0.5221728125785,0.5206506012895,0.2689826623218,-0.0527238288758,-0.1314209127548,-0.0748321945659,0.1187858820795,0.2578889404329,0.4005915045344,-0.3599776676757,-0.2296464277200,0.3352353336601,0.2102666412737,0.2827218622179,0.3489803882192,0.3123717886622,0.1499491665193,0.5965083133002,-0.2377477012106,-0.1062118164358,0.0741688540189,-0.2222244863624,0.4399500832363,0.0688551394076,-0.2043742668348,0.6560220179535,-0.1236139982441,-0.1253039628651,-0.0635957735610,0.4226311772436,0.3448823012771,-0.2422281711349,0.0616091215054,0.9356616683801,0.2856817816518,0.4665632918591,0.3465460236139,0.4875116438310,-0.0403169862247,-0.0508273597962,-0.1007465443081,-0.0271960670340,0.0747973736506,0.4153620981491,-0.5421949537945,-0.3377701647360,0.3022496738664,0.1698994515305
0.3083927755526,0.2916952857466,0.3938997184898,0.2609668864494,0.3300648810711,-0.2858641365997,0.0017963236218,0.0318247257235,-0.0379617492960,0.2604473325573,0.0706896335163,-0.1035324872021,0.3507190634611,-0.1892476453457,-0.0660800079789,-0.0293961148680,0.6599851759434,0.2577069877460,-0.1947956433064,0.0213838062715,0.4440733766850,1.0000000000000,0.5441253921639,0.8683592506638,0.3019112065609,-0.0252422586782,-0.0093783414507,0.1350657460259,0.4816412471828,0.3308324107408,0.5150140343340,-0.1109726552074,-0.2299608982455,0.5143606371366,0.2562089578193,0.0748837455499,0.3167831297547,0.2294004491647,0.1320174414537,0.3377961629414,-0.3669275805206,-0.2372506249161,-0.1546440954323,-0.2553308438573,0.1296360613196,-0.1006616433437,-0.2257503886094,0.1801882109352,-0.0910069921865,-0.2632924589993,-0.1736032501998,0.5629205362380,0.1003976030209,-0.2730652168720,-0.0580150212599,0.3931302028287,0.7101088281588,0.4730117809894,0.7470901769403,0.3173746573775,0.0547288893789,-0.0811812712393,0.0983759507223,0.2924420530557,0.0466604056725,0.3977594213833,-0.2359157539705,-0.3248103961500,0.2968203179604,0.0548444275168
0.3577927288539,0.5300071970263,0.3695398890224,0.7116844108267,0.4792510443537,-0.0279106213474,-0.0148587514854,-0.1597509394296,-0.1648771082751,0.6328587495260,-0.2217424648515,-0.0720699887423,0.4504836297007,-0.1019990059494,-0.1286083422872,0.2712888563041,0.5696823315335,0.2394960371973,-0.1108780689595,-0.0414538365941,0.5221728125785,0.5441253921639,1.0000000000000,0.5781215015735,0.5316578008541,0.1300325360761,-0.0253513212339,0.0690519629391,0.2057367842746,0.3637637801386,0.4816794719527,-0.2964709110708,-0.0313436480844,0.5691588064562,0.5035820894234,0.3797576278389,0.5274716510362,0.0804198341140,0.4989868063304,0.4561375531517,0.0526459289394,-0.0581455217444,-0.0538448607722,-0.1570476332120,0.6102227085502,-0.1287966099481,0.0057146677412,0.3554411943471,-0.1490196186626,-0.0980483770029,0.2479889077840,0.5830911190600,0.2775064963062,-0.1577022975027,0.0889269375813,0.5086156117720,0.4005716859065,0.9053898197951,0.5230813858205,0.6445501786678,0.1124641724379,-0.2945596444925,-0.0574765320909,-0.0205349309414,0.3132167794137,0.4478279173433,-0.3247785113369,-0.0570464106395,0.5110018673355,0.4592114481587
0.4405892826857,0.3254689626825,0.5354682711636,0.3111769807773,0.3623150656060,-0.2609382552777,0.0015438029587,0.0521598462753,-0.0946240427218,0.3542239178106,-0.0023802731286,-0.1139722744195,0.4001062259859,-0.3219081916024,-0.0650663817737,0.0043151461254,0.7183983124654,0.3585346797385,-0.3446390005385,0.0628882931428,0.5206506012895,0.8683592506638,0.5781215015735,1.0000000000000,0.3363714095875,-0.0308661511144,0.0421303122202,0.1770245120897,0.4357218963885,0.3087336161341,0.5769697716201,-0.1540996566155,-0.1816027648902,0.5397760270223,0.2973569976950,0.0869389985862,0.2589026503725,0.3835508215729,0.0585078679010,0.3460350929200,-0.3130493743992,-0.2667272449353,-0.1399577194121,-0.2696918229676,0.1724735245962,-0.1636493229653,-0.2754478415418,0.2448340091711,-0.2020605652328,-0.4241151610423,-0.1544484856528,0.6269060083965,0.1293977161621,-0.4069619335282,-0.0317556197274,0.4854022828253,0.6496440017277,0.5258207525435,0.7360563253689,0.3755211789206,-0.0138813754600,-0.1065286979890,0.0864365465819,0.1785489555073,-0.0291085653876,0.4312598887863,-0.3159741552059,-0.3175970567780,0.2974550682102,0.0791930709823
0.1289100743369,0.4874272237149,0.2636702373594,0.5272625894266,0.4708888143156,-0.0040338305384,-0.1483069307661,0.1710752554437,-0.1551235547241,0.4048029361534,0.0177981230611,-0.0478473313759,0.2027175731882,-0.1130551795528,-0.1114291826332,0.1611712395334,0.1808127917422,0.1117401181066,-0.2152882704927,-0.1067166745631,0.2689826623218,0.3019112065609,0.5316578008541,0.3363714095875,1.0000000000000,0.0224552425737,0.2076216927182,0.0436857421702,0.5950493527802,0.3424502742324,0.4080789373636,-0.0440213548577,-0.0085510948406,0.3797930780432,0.2414354810995,0.2745603313247,0.2483145933131,-0.0821446969973,0.4526351587723,0.4774667882606,0.0818084201241,-0.1368698867455,0.3026022888801,-0.1780815418550,0.4761542841558,0.0006424148200,-0.1039246292855,0.2106212406020,-0.2755821189945,-0.0982078944705,0.1573605583887,0.1469276105265,0.0161378107695,-0.2999898246084,-0.0965543045083,0.2429469364695,0.0104581567799,0.4551119567475,0.1198011198046,0.7879537058942,-0.0468432638420,-0.1589055848071,-0.0875868424166,0.3504814036584,0.1829780407091,0.2276422216513,-0.0486182140172,-0.0133568750532,0.3704710940652,0.2054674733727
0.2153742738683,0.3933428505132,-0.0315562622956,0.3083344020504,-0.0804818224578,0.2146301821091,-0.0119349380132,0.1107697401209,-0.1471311604684,0.2242123582559,-0.1126937335650,0.3220847820453,0.0053228986345,0.2046118380529,0.3905961001768,0.2484631254863,-0.0193345175638,0.3568877527835,0.1726006757131,0.5030227335100,-0.0527238288758,-0.0252422586782,0.1300325360761,-0.0308661511144,0.0224552425737,1.0000000000000,0.4664965977294,0.4676637541005,0.0551305986008,0.2453446719910,0.0774879855045,0.2899334228232,0.1751230318226,0.1527487641741,0.3721553018092,0.0627818779280,0.3726809682091,-0.2132269567284,0.3442520272479,0.0398060225022,0.0932454961803,-0.1794905569717,-0.2014726165357,-0.2553340003502,0.0651041682414,-0.1710107796590,0.1015066936053,-0.0477358989155,0.3419887791871,0.0173741194851,0.1555481388677,-0.0616633120544,0.0337169864190,0.0762879895331,0.3371240432099,0.0188367338030,-0.1155567751706,0.0243938402285,-0.1147040339437,-0.0735492857458,0.7762145269752,0.1850276310477,0.3479335766225,-0.0473246080696,0.0760022314213,-0.3114572096027,0.3058215655973,0.1163487829334,0.0033996048057,0.2570941521684
-0.0015014684481,0.4914996845557,0.1673055325378,0.1237498273313,-0.0526978938753,-0.0082094905416,-0.2838312712310,0.1543163708857,-0.2922549497486,-0.2314062080542,0.0413491878965,0.2478055605460,-0.1574700022694,0.1461950156724,0.1442449965458,-0.1292009904437,-0.2201140229329,0.4369387732982,0.1478017485317,0.4467652627801,-0.1314209127548,-0.0093783414507,-0.0253513212339,0.0421303122202,0.2076216927182,0.4664965977294,1.0000000000000,0.6428147921909,0.3759584126424,0.0305489536352,0.1668533043129,0.2312128767049,0.0306059038182,-0.1112547923165,0.0543406782459,0.0891261987038,0.2724435456826,-0.3844715975620,0.2533747593039,-0.0177647037896,0.0640067670134,-0.1665572245139,0.0905018265014,-0.1699146549119,-0.2763697453597,0.1527727539580,0.0144243503295,-0.1846568576923,0.0049321944625,0.0909149075195,-0.0298577316280,-0.2880551564155,0.0723873235997,-0.0628898789175,0.2054001313469,-0.1840931814535,-0.2594450951137,-0.1194260946453,-0.1211341849954,-0.1194276566768,0.3261786138801,0.3010039165544,0.4000098910186,0.1901686909761,0.0260744785869,-0.1835121515661,0.2867587687016,0.0566773670316,-0.0962296831969,0.0452797028384
0.0986935636480,0.2363920537390,0.4115337558346,0.0901024300834,-0.0334146909725,-0.0703929654250,-0.2888806166672,0.2469721429107,-0.2285731592554,-0.0419870521744,0.0283725094303,0.1329299847508,-0.1716562850642,0.2831921520739,0.2724973960393,-0.1243032656281,0.0414839354681,0.3694407983518,0.2080445233795,0.3755517774873,-0.0748321945659,0.1350657460259,0.0690519629391,0.1770245120897,0.0436857421702,0.4676637541005,0.6428147921909,1.0000000000000,0.1391250650492,-0.0490271671534,-0.0052989128349,0.1708902485365,-0.0591563495397,-0.0398586430222,-0.0852391745940,0.0591347077120,0.1411978922458,-0.2201997617636,0.1970943901671,-0.0532551439728,-0.0091623579802,-0.1233878997017,-0.0013788341009,-0.1158175249904,-0.1054297133515,0.1317202851194,-0.0031393149765,-0.2254511617710,0.1919442750708,0.1284838031575,-0.0386348270861,-0.0233697397298,-0.0878987749912,0.0015571926583,0.1052184734026,-0.1258839612072,0.0819305817473,-0.0143826488645,0.1773101023554,-0.2142826401350,0.4096862316516,0.0720185714926,0.7966690164389,-0.0560353827123,-0.0454179020554,-0.3095528103803,0.2011538187857,0.0160884431806,-0.0539930407706,-0.0714713463907
-0.0037897674021,0.3570622719014,0.3235611160687,0.2572829846414,0.1880860089772,-0.0288440509122,-0.0241692347161,0.2645676911919,0.0955132928108,0.0326421375453,0.1938180974439,0.2020361599542,0.0458110508623,-0.0869520969301,0.0454932218611,0.0805412829211,0.0419791812150,0.2401832210319,0.0214202047198,0.1760729088626,0.1187858820795,0.4816412471828,0.2057367842746,0.4357218963885,0.5950493527802,0.0551305986008,0.3759584126424,0.1391250650492,1.0000000000000,0.3035393268800,0.5549868193106,0.2152903679814,-0.0464104910358,0.2907080145573,0.2124271363738,-0.0503393710663,0.2251169093470,-0.0181977807738,0.2663401308425,0.2767416569438,-0.1156336108874,-0.1938686376630,0.0879478809175,-0.1346942885952,-0.0357941417826,-0.0537239174622,-0.0746986159497,0.0260993112216,-0.1015337134515,-0.1533984201021,-0.0268412488085,-0.0711216195369,-0.0504248545055,-0.1440743509935,-0.0948269272544,0.1118805809665,0.0377168782188,0.0777176952546,0.1335228609085,0.2862274948778,0.0446816968683,0.0912293199577,0.0483008057037,0.7324558890324,-0.0722924945624,0.1413742007637,0.2109629399612,-0.1458666618050,0.0822334470468,0.0079191945229
0.4342369303870,0.2999088367758,-0.0217094000983,0.4002321818412,0.3485705453484,0.2943864809586,0.2789223781762,-0.0976901395317,0.1219151326567,0.3382893938883,0.1557256297145,0.1906651420631,0.3381995762959,-0.0898174009340,0.2971602438668,0.5093615569311,0.2312864489004,0.1986994644423,-0.1070917624662,0.1965789426059,0.2578889404329,0.3308324107408,0.3637637801386,0.3087336161341,0.3424502742324,0.2453446719910,0.0305489536352,-0.0490271671534,0.3035393268800,1.0000000000000,0.3537626277606,-0.0367916165963,0.1500435862215,0.7291324512372,0.6137432791787,0.3031823716509,0.1693630475433,-0.0253194349546,0.2968267153031,0.3821981327891,0.2209896326309,0.0286539445161,-0.2650105373889,-0.0811685016928,0.2946144106387,-0.0697422687278,0.0518542244566,0.3196210145721,-0.0995654446831,-0.1138154054532,0.2912109853843,0.2232862054481,0.1289441889792,-0.1381831041531,0.1682188799340,0.2580925739440,0.1322051219001,0.3614685385515,0.1525164168782,0.3356223712859,0.2330546102480,-0.0974126263938,-0.1138945336042,0.0959328938934,0.5036189973562,0.1387186196367,-0.0721570140346,0.1342536308878,0.5851528848058,0.4385654389421
0.3507029243685,0.4028760278906,0.3499165988309,0.3120033624010,0.2298030277514,-0.0865561080910,0.0383862901782,0.2120814834005,0.0065158002586,0.2514844545219,-0.0574284701068,0.0512222355439,0.2635701838700,-0.3082354799812,0.0972135302035,0.1038289561720,0.3769109041603,0.4358147009547,-0.2092015426596,0.2170156694302,0.4005915045344,0.5150140343340,0.4816794719527,0.5769697716201,0.4080789373636,0.0774879855045,0.1668533043129,-0.0052989128349,0.5549868193106,0.3537626277606,1.0000000000000,-0.1036111697021,-0.0308473864005,0.4231139924584,0.4715830277639,0.1444075971086,0.3778310630756,0.2414076806410,0.1488123053622,0.2646432911223,-0.1744200584268,-0.3241550216445,-0.0431019449180,-0.3290840672835,0.0982264959964,-0.3073845562292,-0.1094510675324,0.0969431494919,-0.1461838757310,-0.3413539259188,-0.0876355820945,0.2944629273071,0.3925803795574,-0.2297455495408,0.2349633686691,0.3614866368040,0.1276565469952,0.4217350523831,0.3285011083302,0.4104514500478,0.0925984684281,0.2158370768302,-0.0351054075191,0.1776673064727,0.0545463829709,0.5834848242790,-0.1882819785602,-0.1974752317048,0.1806573709565,0.2546996812874
-0.1582527211538,-0.1295239387541,-0.2203991715085,-0.2218622575585,-0.2812934219392,0.0844167091318,-0.0913801127818,0.3943344796255,-0.1528708426631,-0.1564705986684,0.1081607709838,0.3004570594922,-0.3334474572260,-0.0578530204542,0.2595548327392,-0.1420039857011,-0.1728242974244,0.1210532934451,-0.0050108698371,0.3420562052769,-0.3599776676757,-0.1109726552074,-0.2964709110708,-0.1540996566155,-0.0440213548577,0.2899334228232,0.2312128767049,0.1708902485365,0.2152903679814,-0.0367916165963,-0.1036111697021,1.0000000000000,0.2693556600063,-0.1784410687095,-0.1063729291208,-0.3769015175675,-0.1399135735185,-0.1769318952282,-0.1492456704928,-0.0587999827272,-0.1953912249263,-0.2834475512950,-0.0303635294132,-0.2632854654831,-0.3362117975971,-0.2024235403920,-0.2294660096756,-0.2548639191330,0.3951734763112,-0.1457339621169,-0.1779812522025,-0.2707670402267,-0.3144386529761,-0.0346464250325,-0.0183033256975,-0.2897886435268,-0.2436525376480,-0.3707424807585,-0.3660915969320,-0.2118127025878,0.3295574182216,0.2767556575235,0.1615626308766,0.3528499052519,-0.3513734774729,-0.4603098680375,0.8693020823331,-0.0349363297100,-0.4353569271923,-0.3476337569510
-0.0789215683559,0.0293865399218,-0.1425576194398,0.1921490369972,-0.1435142783237,0.7532674445845,0.3635004418665,-0.1272272007270,0.2466409772146,0.1256659273269,-0.1994428743650,0.5355969800941,-0.0330659880459,0.1847179096441,0.2953793496090,0.5059880967054,-0.1460465581571,0.1631180004700,0.1902100477123,0.1738258503294,-0.2296464277200,-0.2299608982455,-0.0313436480844,-0.1816027648902,-0.0085510948406,0.1751230318226,0.0306059038182,-0.0591563495397,-0.0464104910358,0.1500435862215,-0.0308473864005,0.2693556600063,1.0000000000000,0.1797236580574,0.3425503401096,-0.0118491380812,-0.1559790719755,-0.2402067805161,0.1746758773738,-0.0929319402641,0.5328464809197,0.2372565759228,-0.2011347739361,0.2303595907274,0.0945618209219,-0.2367778296076,0.3665184594755,-0.0062504684806,0.2058561729686,0.1369858203006,0.4518528536678,-0.1637584442383,0.0270410089523,0.2134749721956,0.2231341648246,-0.1856587596560,-0.2953681555296,-0.1068938860218,-0.3067153134413,-0.1014209314312,0.0996217423753,-0.1409533085222,-0.1867142600384,-0.1365632007306,0.1831529107900,-0.2317164588968,0.2620425479260,0.6893741903712,0.0370083615647,0.3076031738337
0.4429205243304,0.3300580758261,0.1995354915964,0.5330993859770,0.3531649915003,0.2871039969606,0.2178376123802,-0.0954324836769,0.0759192011248,0.5397953843935,-0.0638284229478,-0.0000738542637,0.3917114288959,-0.1868307490352,0.1289382374925,0.5304734299328,0.4543447572429,0.2477143167940,-0.2169217583378,0.0427521839924,0.3352353336601,0.5143606371366,0.5691588064562,0.5397760270223,0.3797930780432,0.1527487641741,-0.1112547923165,-0.0398586430222,0.2907080145573,0.7291324512372,0.4231139924584,-0.1784410687095,0.1797236580574,1.0000000000000,0.6333587260322,0.3165376330556,0.3016009629500,0.1497749335757,0.3580968962591,0.3500434425231,0.2105571398686,-0.0263526071444,-0.1941789373830,-0.0871683980610,0.4984101029369,-0.2637987360666,-0.0317878583978,0.3594775971051,-0.1781277064297,-0.1892401390825,0.3272411448458,0.4453065912664,0.2210152701566,-0.1897895914320,0.1330585630973,0.3728993870137,0.3496050392569,0.5362644166335,0.3869439276901,0.4475376489793,0.1679203676275,-0.2054883351312,-0.0803355941235,0.0139237273762,0.3835366144192,0.2635082893644,-0.1880233208885,0.0735663277880,0.6961084656128,0.4890484500748
0.3514979826695,0.5096554439782,0.1340211808075,0.6797495388943,0.1455194185608,0.5095146741567,0.3710925061363,-0.2783566915911,0.1249357827461,0.4763243169605,-0.2293439831766,0.2658014297334,0.3385092334636,-0.2939464343781,0.1614211935979,0.7056006776081,0.1830019893055,0.4551892105642,-0.0964075265701,0.3201188344552,0.2102666412737,0.2562089578193,0.5035820894234,0.2973569976950,0.2414354810995,0.3721553018092,0.0543406782459,-0.0852391745940,0.2124271363738,0.6137432791787,0.4715830277639,-0.1063729291208,0.3425503401096,0.6333587260322,1.0000000000000,0.2258512546528,0.4626786733578,0.0715741346955,0.5754234605963,0.2896280692331,0.3805643542674,0.0631972073902,-0.4281957261108,-0.0403352674979,0.4056143158877,-0.3890355900580,0.1659697090798,0.2614218801967,-0.1822459490672,-0.1041897348059,0.5600724919472,0.1522399061864,0.4429654020059,0.0034172029751,0.4825641780827,0.2713702626565,-0.0113711540690,0.4555650370552,0.1493444497843,0.3360467379160,0.3986013366694,0.0132794084264,-0.1454528969031,-0.1490061287301,0.3550977337443,0.1653471018084,-0.1321698687098,0.2556443710435,0.4596462252114,0.8171058467293
0.5038265789907,0.3392661347646,0.1054517872166,0.4450120532379,0.5055535213248,0.0507428283493,-0.0641378922219,-0.1466844308889,-0.1429099738298,0.2685537224396,0.0092197264690,-0.1435489358516,0.3046178354110,0.0278831285599,0.1095744563910,0.2119390956157,0.0848931917961,0.3008287930978,-0.0081486479128,0.0302336000420,0.2827218622179,0.0748837455499,0.3797576278389,0.0869389985862,0.2745603313247,0.0627818779280,0.0891261987038,0.0591347077120,-0.0503393710663,0.3031823716509,0.1444075971086,-0.3769015175675,-0.0118491380812,0.3165376330556,0.2258512546528,1.0000000000000,0.2925734545438,-0.2765813438445,0.4492166812593,0.4122463462731,0.3267392344708,0.2185264057946,0.2169321794482,0.0782247723122,0.4858190858845,0.2422759973083,0.1590212900855,0.3895437068725,-0.2843328728441,0.3394792311865,0.3427497735753,0.1816003533957,0.4682967422892,0.0569180787161,0.3649298749741,0.2602330937852,0.1093583857506,0.4065961915726,0.1884697308117,0.3313641346342,-0.0125784597053,-0.2367533880603,-0.1066642095935,-0.1637331626749,0.6237599415087,0.2759607679736,-0.3054830223074,0.2556166108307,0.5885769197236,0.4966895696829
0.2079752260620,0.7054033575254,0.1466338404572,0.5210180252296,0.2233245654452,-0.0794779495106,-0.1381434626256,-0.1313064590700,-0.2579020693493,0.2634052009474,-0.1909733943102,-0.0468718905851,0.2545176512026,-0.0704228941578,-0.1279161574753,0.0934411392447,0.1384987383210,0.3958104107389,0.0426085394858,0.1679356420232,0.3489803882192,0.3167831297547,0.5274716510362,0.2589026503725,0.2483145933131,0.3726809682091,0.2724435456826,0.1411978922458,0.2251169093470,0.1693630475433,0.3778310630756,-0.1399135735185,-0.1559790719755,0.3016009629500,0.4626786733578,0.2925734545438,1.0000000000000,-0.0495036892876,0.5857328577696,0.3339103416464,-0.0571052474712,-0.1910181840699,-0.0996798678932,-0.2872899255324,0.2261622615388,-0.1576610200791,0.0015375526232,0.1834261905487,-0.0722371350453,0.0169917157657,0.1224534500744,0.1068440095094,0.5178305556658,-0.0039657397745,0.3611469267143,0.3631316835904,0.0528450323629,0.4519184039152,0.3016549460999,0.3050216910340,0.4266017108621,0.2241081504407,0.1566587184378,0.0732547171890,0.1854968025715,0.2449607256082,-0.0773987008044,-0.1304984814854,0.2793015231082,0.4547501735897
0.2359290193964,-0.2689690019708,0.3825419888155,-0.0170132569174,0.0002716011559,-0.1801224091372,0.2662800019316,0.1231138047257,0.2245575822408,0.1986937767409,0.0686804866588,-0.1951688547124,0.2285195415311,-0.5256846586926,-0.0362567047694,0.0141945751271,0.4249558385218,-0.1399376906942,-0.4754965054120,-0.1707604229170,0.3123717886622,0.2294004491647,0.0804198341140,0.3835508215729,-0.0821446969973,-0.2132269567284,-0.3844715975620,-0.2201997617636,-0.0181977807738,-0.0253194349546,0.2414076806410,-0.1769318952282,-0.2402067805161,0.1497749335757,0.0715741346955,-0.2765813438445,-0.0495036892876,1.0000000000000,-0.2865889932937,-0.0079549464023,-0.3805636993275,-0.1726841735114,0.0005182595950,-0.0721889520485,0.0442803556354,-0.3258204895925,-0.2813408243478,0.0803466656594,-0.0577124189844,-0.3916200542985,-0.2451630868878,0.3629229203823,0.0740856353668,-0.2077725222847,-0.0918303214891,0.2955095198320,0.2289493051149,0.1260661584241,0.2096903267247,0.2685305112999,-0.0431396838080,0.3018219751573,0.1425887650614,-0.0644787960811,-0.3687205193199,0.2608505096360,-0.3727787051958,-0.4484308454031,-0.1304817557820,-0.1551976061710
0.1481002022669,0.5828158787572,0.2729868394954,0.8444797729945,0.2622326237295,0.3820041293478,0.1097890294771,-0.2161158986235,0.0560033886837,0.3936607504003,-0.1411907511501,0.2123677435458,0.2186633431645,0.1064997638940,0.1353859727996,0.5439500556201,-0.1423754018426,0.3789464476435,0.2592217051945,0.1702573783144,0.1499491665193,0.1320174414537,0.4989868063304,0.0585078679010,0.4526351587723,0.3442520272479,0.2533747593039,0.1970943901671,0.2663401308425,0.2968267153031,0.1488123053622,-0.1492456704928,0.1746758773738,0.3580968962591,0.5754234605963,0.4492166812593,0.5857328577696,-0.2865889932937,1.0000000000000,0.3341212140173,0.4831256328747,0.2512483131412,0.0143668172176,0.1599329315166,0.5581387008380,-0.0412270643750,0.3336475753893,0.2353099623530,-0.0982258179871,0.4467780909010,0.6522563117797,-0.1234038473071,0.3379478101547,0.2975877031016,0.3457716181861,0.1413812238418,-0.1194201547107,0.3866049631632,0.0633363763778,0.3631389621768,0.3870150643464,-0.0850726106052,0.0831366064218,-0.0079640163891,0.4438139345940,-0.0375731346640,-0.0207037194533,0.3209701842167,0.4715409279396,0.7022877141506
0.4168747285333,0.3230758832955,0.1130177249363,0.4137022621403,0.8296519987937,-0.0691069240434,0.1947089533236,-0.0102925377227,-0.0782484851416,0.4729304013469,0.3995441875329,-0.2150497223179,0.6448719044087,-0.3056548923496,-0.0400627184514,0.1610050202936,0.2771634784441,0.1345167914003,-0.3185571110135,-0.0483838201150,0.5965083133002,0.3377961629414,0.4561375531517,0.3460350929200,0.4774667882606,0.0398060225022,-0.0177647037896,-0.0532551439728,0.2767416569438,0.3821981327891,0.2646432911223,-0.0587999827272,-0.0929319402641,0.3500434425231,0.2896280692331,0.4122463462731,0.3339103416464,-0.0079549464023,0.3341212140173,1.0000000000000,-0.0215678704833,0.0648828784392,0.0339395096554,-0.1973855388875,0.4484583284837,0.2264287928841,-0.2218559844989,0.7469192345674,-0.3050423654231,-0.1682326117547,0.1599630768770,0.2954743000818,0.2103213044938,-0.3272003430407,0.0168535789063,0.6305097218353,0.1768119585681,0.4512329708184,0.2194863290485,0.6100368038820,0.0168317868717,-0.0716512923590,-0.1814312366946,0.2245121410389,0.1803468789767,0.1943430512932,-0.1989756863131,-0.0499188500725,0.4458301867475,0.2858870400492
-0.0804473549986,0.1937517072302,-0.0596743480683,0.3836590944025,0.0316726990738,0.7525809818940,0.2454273758305,-0.3909967555544,0.2342043174870,0.1058455055305,-0.1946260607844,0.3039834083329,-0.0121152237151,0.2012067403168,0.1156707103568,0.6656470027023,-0.3780072627632,0.0421178425860,0.2524140467595,-0.0435646134588,-0.2377477012106,-0.3669275805206,0.0526459289394,-0.3130493743992,0.0818084201241,0.0932454961803,0.0640067670134,-0.0091623579802,-0.1156336108874,0.2209896326309,-0.1744200584268,-0.1953912249263,0.5328464809197,0.2105571398686,0.3805643542674,0.3267392344708,-0.0571052474712,-0.3805636993275,0.4831256328747,-0.0215678704833,1.0000000000000,0.6205944277893,-0.0475517868722,0.5685894053928,0.3499181578037,0.0631398332491,0.5633612510994,0.1682983438240,-0.2630765206029,0.3994010292779,0.8604415957943,-0.2856519791959,0.1611487806432,0.3033978124938,0.1752323684547,-0.2050575916087,-0.2665994649229,0.0665297406034,-0.2131905307354,-0.0106682183853,-0.0324919346214,-0.2949220225930,-0.1837099384489,-0.2811825082095,0.5176593323955,-0.1106034499753,-0.0003917367113,0.7964213348933,0.4362886695952,0.6654831010359
-0.0774259232960,-0.0474486155010,-0.0028652970623,0.1702899270430,0.2020622688100,0.4412717184067,0.5475374021657,-0.5666221482810,0.5790420875230,-0.1100165684756,0.2968707424897,0.2530363313197,0.1944483192222,0.2569841712082,0.0439011304766,0.4208389960372,-0.2993813187943,-0.3015571815742,0.3396601961110,-0.3365690471565,-0.1062118164358,-0.2372506249161,-0.0581455217444,-0.2667272449353,-0.1368698867455,-0.1794905569717,-0.1665572245139,-0.1233878997017,-0.1938686376630,0.0286539445161,-0.3241550216445,-0.2834475512950,0.2372565759228,-0.0263526071444,0.0631972073902,0.2185264057946,-0.1910181840699,-0.1726841735114,0.2512483131412,0.0648828784392,0.6205944277893,1.0000000000000,-0.1395107220664,0.8775549676220,0.1288181612124,0.4710579979322,0.6187412095979,0.3530436086798,-0.1952626916440,0.4991204618601,0.6353488352538,-0.1892742095538,-0.0865568693379,0.3545645821844,-0.1969098032249,-0.1659957527228,-0.0455289190517,-0.0311265707233,-0.0722183456315,-0.1308607919257,-0.2815656381651,-0.4018659651085,-0.1816607618449,-0.2125422550702,0.3984219675737,-0.0250181400585,-0.1642544249297,0.6027938985909,0.2536815992432,0.3284328812178
-0.0505893169439,-0.1080405999000,0.1557172186860,-0.0373368271878,0.1610813312313,-0.2882219161274,-0.4074993459250,0.3918040526226,-0.2053174916926,-0.0856974137407,0.0160300922336,-0.2620693182760,-0.1323092364736,0.0448653568158,-0.0800124303849,-0.3027428486496,-0.1393867751516,-0.1040847839290,-0.1165958269353,-0.2253586243617,0.0741688540189,-0.1546440954323,-0.0538448607722,-0.1399577194121,0.3026022888801,-0.2014726165357,0.0905018265014,-0.0013788341009,0.0879478809175,-0.2650105373889,-0.0431019449180,-0.0303635294132,-0.2011347739361,-0.1941789373830,-0.4281957261108,0.2169321794482,-0.0996798678932,0.0005182595950,0.0143668172176,0.0339395096554,-0.0475517868722,-0.1395107220664,1.0000000000000,-0.0428942452259,0.1773823388318,0.2080652586285,-0.1229127556383,-0.0228826759423,-0.0601840863500,0.2775970286515,-0.1362974710050,-0.0716031082945,0.0873996100646,0.0311027091985,-0.0745092346722,0.0565421130603,-0.1011926026131,-0.0225107781866,-0.1519815673327,0.3173895194584,-0.1922090045322,0.1480404514530,0.0702754176931,0.2394891171558,-0.0217220835141,0.1675604789547,0.0280733241486,-0.1289580523408,-0.0356739865492,-0.2211461274790
-0.2324640521148,-0.1361594045123,0.0610571888728,0.0840828376541,-0.0149320363271,0.4397451664908,0.4157629809871,-0.5038033656764,0.6474670796734,-0.2508996574759,0.1920890860377,0.3328867560719,-0.0308644026130,0.3185752172907,0.0282690073670,0.3254215322782,-0.3524100245003,-0.3382654531640,0.4293433237480,-0.3309530978288,-0.2222244863624,-0.2553308438573,-0.1570476332120,-0.2696918229676,-0.1780815418550,-0.2553340003502,-0.1699146549119,-0.1158175249904,-0.1346942885952,-0.0811685016928,-0.3290840672835,-0.2632854654831,0.2303595907274,-0.0871683980610,-0.0403352674979,0.0782247723122,-0.2872899255324,-0.0721889520485,0.1599329315166,-0.1973855388875,0.5685894053928,0.8775549676220,-0.0428942452259,1.0000000000000,-0.0074149923029,0.3709756404503,0.6616785050220,0.0958945001797,-0.0877413102023,0.5654752887742,0.5253852205868,-0.2809432245298,-0.1485546157105,0.4740355059811,-0.2232416743943,-0.2803687079288,-0.0955792628298,-0.1400881335944,-0.1041342253568,-0.2147050903716,-0.3162877144444,-0.3544214156536,-0.0909268513381,-0.1248246266267,0.2823358075378,-0.0215312590178,-0.1215586305731,0.4993400359628,0.1184757231192,0.1904979722437
0.3767471649002,0.1857357748713,0.2972893674056,0.6766691085716,0.4829453072747,0.2222241992200,0.1432126396273,-0.0262153601621,0.0166422015759,0.8326194906750,-0.2045068119798,-0.2064230716750,0.4693417928832,-0.1071890838546,0.0561307909519,0.5430974271935,0.2337200373198,0.1103929024127,-0.1442798391519,-0.1032690388962,0.4399500832363,0.1296360613196,0.6102227085502,0.1724735245962,0.4761542841558,0.0651041682414,-0.2763697453597,-0.1054297133515,-0.0357941417826,0.2946144106387,0.0982264959964,-0.3362117975971,0.0945618209219,0.4984101029369,0.4056143158877,0.4858190858845,0.2261622615388,0.0442803556354,0.5581387008380,0.4484583284837,0.3499181578037,0.1288181612124,0.1773823388318,-0.0074149923029,1.0000000000000,-0.1315589098974,0.0295915315632,0.4842145202996,-0.2162879549633,0.1391003191494,0.5290953877803,0.3125135691338,0.2636413139139,-0.0100221230073,0.1464183973740,0.4765640025737,0.1088197786499,0.5689951478000,0.1118310670415,0.6406171597435,0.0722477776696,-0.3445151310554,-0.1882420695195,-0.2440496271762,0.3227019614769,0.1036715156897,-0.3457137803282,0.1730448935024,0.5326275117665,0.5402594801540
-0.0620209337306,-0.0440831094666,-0.0648122268355,-0.1087861351493,0.4041260406120,-0.1555960153081,0.0392435633069,-0.2239178495875,0.1473025405528,-0.3221021417804,0.5978870488080,-0.1611005442111,0.1862390761813,0.3552468357086,-0.1332945965124,-0.2644012625331,-0.1756335056976,-0.3142029891661,0.2215935615566,-0.2644045290078,0.0688551394076,-0.1006616433437,-0.1287966099481,-0.1636493229653,0.0006424148200,-0.1710107796590,0.1527727539580,0.1317202851194,-0.0537239174622,-0.0697422687278,-0.3073845562292,-0.2024235403920,-0.2367778296076,-0.2637987360666,-0.3890355900580,0.2422759973083,-0.1576610200791,-0.3258204895925,-0.0412270643750,0.2264287928841,0.0631398332491,0.4710579979322,0.2080652586285,0.3709756404503,-0.1315589098974,1.0000000000000,0.1497454834982,0.2479472628184,-0.1513429024865,0.3776040270630,-0.0316275504011,-0.1023508735328,-0.1479807680383,-0.0335126994133,-0.3280885810226,0.0101288426152,0.0269371770548,-0.1082397297667,-0.0029727147457,-0.0779013019749,-0.3935994127205,-0.2443818212175,0.0025446627086,0.0665358404586,0.2568113606575,0.0311942109378,-0.1651681212268,0.0555338508992,0.0658385115039,-0.1380423265142
-0.2133026422840,0.1039436895174,0.0203179041175,0.2182537151566,-0.1133981388321,0.4703852935893,0.2934098413746,-0.4292693892578,0.4567938154712,-0.1525628104173,-0.1151207525897,0.6643454205133,-0.0579484584905,0.6370247045793,0.1313449517118,0.4339059976872,-0.3376091168927,-0.0908298989613,0.7191078798301,-0.0303791157195,-0.2043742668348,-0.2257503886094,0.0057146677412,-0.2754478415418,-0.1039246292855,0.1015066936053,0.0144243503295,-0.0031393149765,-0.0746986159497,0.0518542244566,-0.1094510675324,-0.2294660096756,0.3665184594755,-0.0317878583978,0.1659697090798,0.1590212900855,0.0015375526232,-0.2813408243478,0.3336475753893,-0.2218559844989,0.5633612510994,0.6187412095979,-0.1229127556383,0.6616785050220,0.0295915315632,0.1497454834982,1.0000000000000,-0.0479816850709,0.1826848638578,0.5850382436311,0.5473838524874,-0.2604319948016,0.0664302700432,0.7277999731644,0.1337866461916,-0.2472002792016,-0.1974628848348,-0.0390889621911,-0.1077326701078,-0.2121410026158,-0.0493319401930,-0.2429088510084,-0.0366806727824,-0.1303044796105,0.3938657455303,-0.0433016691529,-0.0054124248349,0.6045627316762,0.1005081251068,0.3493818298677
0.4011985514425,0.1785796714753,0.1080648036479,0.3987493280009,0.7379813421066,0.0608326823393,0.4285028545636,-0.2189009118740,0.1272636147635,0.4931520337801,0.2951907147423,-0.1734945428259,0.8289242396663,-0.2393475113008,-0.0335593196741,0.3198324130317,0.2503965633893,-0.0101632975292,-0.2266927376418,-0.1529194909547,0.6560220179535,0.1801882109352,0.3554411943471,0.2448340091711,0.2106212406020,-0.0477358989155,-0.1846568576923,-0.2254511617710,0.0260993112216,0.3196210145721,0.0969431494919,-0.2548639191330,-0.0062504684806,0.3594775971051,0.2614218801967,0.3895437068725,0.1834261905487,0.0803466656594,0.2353099623530,0.7469192345674,0.1682983438240,0.3530436086798,-0.0228826759423,0.0958945001797,0.4842145202996,0.2479472628184,-0.0479816850709,1.0000000000000,-0.3293481571155,-0.0686444313690,0.3425320796913,0.2999304646207,0.2392840717476,-0.1932267700726,-0.0363830516486,0.6883796774111,0.2048724296312,0.3568525745634,0.1459582612047,0.4230987407485,-0.1293375252408,-0.2293039594832,-0.3491870591622,0.0003928275000,0.2850908907110,0.2622349281304,-0.3771521274539,0.0590842146339,0.4973800836586,0.3672458092134
-0.0859553013209,-0.2744042590761,-0.0749046432435,-0.1759925083881,-0.3776596803062,0.0371279535817,0.0259070357753,0.3553646205830,0.1168188456798,-0.0218679392655,0.0195006096785,0.4549468223052,-0.2057560487244,0.5136442660646,0.4218206646478,-0.0762550170427,0.0133821369856,-0.0235746272247,0.4721778351715,0.2752430708863,-0.1236139982441,-0.0910069921865,-0.1490196186626,-0.2020605652328,-0.2755821189945,0.3419887791871,0.0049321944625,0.1919442750708,-0.1015337134515,-0.0995654446831,-0.1461838757310,0.3951734763112,0.2058561729686,-0.1781277064297,-0.1822459490672,-0.2843328728441,-0.0722371350453,-0.0577124189844,-0.0982258179871,-0.3050423654231,-0.2630765206029,-0.1952626916440,-0.0601840863500,-0.0877413102023,-0.2162879549633,-0.1513429024865,0.1826848638578,-0.3293481571155,1.0000000000000,0.2686124787709,-0.2324425845566,-0.0462075108403,-0.2914034120108,0.4943698257188,0.0331302210137,-0.1416646827456,-0.1036977510356,-0.2525991326904,-0.2182322061133,-0.3108238079446,0.4751367948079,0.1726203940915,0.2976823191625,0.0179614624483,-0.1482020479397,-0.4149648225233,0.3671443541352,-0.1190430133041,-0.4514944369328,-0.3565817858405
-0.1131474460174,-0.0707833607657,0.0728575622894,0.2037101946762,0.0014629715337,0.2788072501844,0.0956263692267,-0.1655597862169,0.3154522253966,-0.1735856727427,0.0565816579240,0.2376496198633,-0.0767532671869,0.5783415497127,0.2502614693582,0.1998648068176,-0.4605523497012,-0.0169682469172,0.6460275706088,-0.0095504578047,-0.1253039628651,-0.2632924589993,-0.0980483770029,-0.4241151610423,-0.0982078944705,0.0173741194851,0.0909149075195,0.1284838031575,-0.1533984201021,-0.1138154054532,-0.3413539259188,-0.1457339621169,0.1369858203006,-0.1892401390825,-0.1041897348059,0.3394792311865,0.0169917157657,-0.3916200542985,0.4467780909010,-0.1682326117547,0.3994010292779,0.4991204618601,0.2775970286515,0.5654752887742,0.1391003191494,0.3776040270630,0.5850382436311,-0.0686444313690,0.2686124787709,1.0000000000000,0.3855302244696,-0.3961368024361,0.1158545928107,0.7306956658395,0.1839407437819,-0.1993298638796,-0.2603498701814,-0.1780675190490,-0.2255266875149,-0.1843052517262,0.0744993392795,-0.1008013593415,0.1698133472957,-0.1473657544696,0.4132069722538,-0.2413133939529,0.0638977388682,0.3606364503582,0.0357270874998,0.2035958523869
0.0286694571244,0.2686534209702,0.0859916008029,0.5936813962963,0.1389815732796,0.7073057382898,0.3561177412441,-0.4264289741713,0.2693154939152,0.3256802091308,-0.1873684439181,0.3280158707786,0.1744883160705,0.0774450438713,0.1069290340252,0.7872357165976,-0.2385876203501,0.0982895605261,0.2295279044771,-0.0048254740308,-0.0635957735610,-0.1736032501998,0.2479889077840,-0.1544484856528,0.1573605583887,0.1555481388677,-0.0298577316280,-0.0386348270861,-0.0268412488085,0.2912109853843,-0.0876355820945,-0.1779812522025,0.4518528536678,0.3272411448458,0.5600724919472,0.3427497735753,0.1224534500744,-0.2451630868878,0.6522563117797,0.1599630768770,0.8604415957943,0.6353488352538,-0.1362974710050,0.5253852205868,0.5290953877803,-0.0316275504011,0.5473838524874,0.3425320796913,-0.2324425845566,0.3855302244696,1.0000000000000,-0.1582586127562,0.2243684824146,0.3400734153870,0.2407751075339,-0.0241606529019,-0.1610207381631,0.2273868427277,-0.1000819381346,0.1541940436596,0.1073808861707,-0.3038388895207,-0.1690496129096,-0.2469806272096,0.5155852822808,-0.0808577991945,-0.0478785233062,0.6783819352366,0.5028610017602,0.7838278413221
0.4963862431950,0.0309686608375,0.2601029604250,0.1871673551901,0.3521817958128,-0.2817404756370,-0.0146995805911,0.0128063056648,-0.1648425256990,0.4625566050099,-0.0176068725132,-0.2837921542387,0.3810910512580,-0.2352012434493,-0.0688565587874,-0.0195050879144,0.9358001179975,0.0584394643093,-0.3768000944985,-0.1238587663891,0.4226311772436,0.5629205362380,0.5830911190600,0.6269060083965,0.1469276105265,-0.0616633120544,-0.2880551564155,-0.0233697397298,-0.0711216195369,0.2232862054481,0.2944629273071,-0.2707670402267,-0.1637584442383,0.4453065912664,0.1522399061864,0.1816003533957,0.1068440095094,0.3629229203823,-0.1234038473071,0.2954743000818,-0.2856519791959,-0.1892742095538,-0.0716031082945,-0.2809432245298,0.3125135691338,-0.1023508735328,-0.2604319948016,0.2999304646207,-0.0462075108403,-0.3961368024361,-0.1582586127562,1.0000000000000,0.1037096571008,-0.3345139360425,-0.0714318202461,0.4193506410588,0.7387570847282,0.6531249470598,0.6634169933501,0.4166706550560,-0.0388251731615,-0.2005878780590,-0.0638767590537,-0.1137422416972,0.1155682492967,0.4207586867208,-0.4434513057667,-0.2594485292406,0.3087179086690,0.0470550542582
0.2695622945699,0.3288994334066,0.1903464472139,0.3758730608976,0.2234158384112,0.0659660338205,-0.0312782081734,-0.1227437802221,-0.1526271247224,0.1911356901326,-0.2685166741646,-0.1727110312490,0.2869577046180,-0.2275158896301,-0.0729167125401,0.1840969074818,0.0670663739033,0.5185693762293,-0.1139745677889,0.2362990538478,0.3448823012771,0.1003976030209,0.2775064963062,0.1293977161621,0.0161378107695,0.0337169864190,0.0723873235997,-0.0878987749912,-0.0504248545055,0.1289441889792,0.3925803795574,-0.3144386529761,0.0270410089523,0.2210152701566,0.4429654020059,0.4682967422892,0.5178305556658,0.0740856353668,0.3379478101547,0.2103213044938,0.1611487806432,-0.0865568693379,0.0873996100646,-0.1485546157105,0.2636413139139,-0.1479807680383,0.0664302700432,0.2392840717476,-0.2914034120108,0.1158545928107,0.2243684824146,0.1037096571008,1.0000000000000,0.0897112570095,0.7634060652939,0.3801610029968,-0.0288393881234,0.2814955107918,0.2146244396218,0.2163213856111,0.0940753379148,0.2970940309954,-0.0053137238119,-0.2268234231627,0.3473598295171,0.4090702466935,-0.3085820386595,0.0412221996466,0.3209476587817,0.5994731660163
-0.1871986417150,-0.1779886394788,0.0550072017826,0.0941264274345,-0.3080718405105,0.3097342876895,0.1684546338796,-0.0897263094104,0.3638935357451,-0.1445448102253,-0.1200323336203,0.5190416047997,-0.2012000638871,0.5458187958830,0.3152286035455,0.2772776685617,-0.3902918601994,0.0270424232023,0.7482384611530,0.1913984520282,-0.2422281711349,-0.2730652168720,-0.1577022975027,-0.4069619335282,-0.2999898246084,0.0762879895331,-0.0628898789175,0.0015571926583,-0.1440743509935,-0.1381831041531,-0.2297455495408,-0.0346464250325,0.2134749721956,-0.1897895914320,0.0034172029751,0.0569180787161,-0.0039657397745,-0.2077725222847,0.2975877031016,-0.3272003430407,0.3033978124938,0.3545645821844,0.0311027091985,0.4740355059811,-0.0100221230073,-0.0335126994133,0.7277999731644,-0.1932267700726,0.4943698257188,0.7306956658395,0.3400734153870,-0.3345139360425,0.0897112570095,1.0000000000000,0.3048478697284,-0.2684807044665,-0.2493010921533,-0.2335729487321,-0.2381206127333,-0.3357514633773,0.1890554540360,0.0407355767151,0.1200218382441,-0.1084547745736,0.1606051854010,-0.2878556963080,0.1350403286830,0.3037883464928,-0.1497463325808,0.1505542838190
0.2892433038701,0.2201120951527,0.0992539625473,0.3106634042950,-0.0876592202911,0.2292853652814,-0.0389527113901,0.0252051775330,-0.1804612336026,0.1588113983714,-0.3442596226159,0.1369353437920,0.0123543290699,-0.0964661990962,0.2534450660037,0.2574351675158,-0.0722242011400,0.6977887811775,0.0554647667488,0.6352965158065,0.0616091215054,-0.0580150212599,0.0889269375813,-0.0317556197274,-0.0965543045083,0.3371240432099,0.2054001313469,0.1052184734026,-0.0948269272544,0.1682188799340,0.2349633686691,-0.0183033256975,0.2231341648246,0.1330585630973,0.4825641780827,0.3649298749741,0.3611469267143,-0.0918303214891,0.3457716181861,0.0168535789063,0.1752323684547,-0.1969098032249,-0.0745092346722,-0.2232416743943,0.1464183973740,-0.3280885810226,0.1337866461916,-0.0363830516486,0.0331302210137,0.1839407437819,0.2407751075339,-0.0714318202461,0.7634060652939,0.3048478697284,1.0000000000000,0.1184485852405,-0.1780500902724,0.0449994160641,-0.0232204033301,-0.0349070907597,0.4231587530956,0.3215016813877,0.1219294761980,-0.2633425269365,0.2713257553948,-0.0077178840430,-0.0080275460744,0.1489531208908,0.1516712494365,0.5345083299279
0.4656187416803,0.1975204248299,0.3098648654643,0.3723001302151,0.6473020134950,-0.1721196580454,0.1797660056549,0.0715904013856,-0.0123972863203,0.6016698275747,0.0582398831262,-0.2915062188465,0.7777072044458,-0.2493211914467,-0.0388299953467,0.1021010806685,0.4398174283979,0.1820284025921,-0.2459145094278,0.0304254552221,0.9356616683801,0.3931302028287,0.5086156117720,0.4854022828253,0.2429469364695,0.0188367338030,-0.1840931814535,-0.1258839612072,0.1118805809665,0.2580925739440,0.3614866368040,-0.2897886435268,-0.1856587596560,0.3728993870137,0.2713702626565,0.2602330937852,0.3631316835904,0.2955095198320,0.1413812238418,0.6305097218353,-0.2050575916087,-0.1659957527228,0.0565421130603,-0.2803687079288,0.4765640025737,0.0101288426152,-0.2472002792016,0.6883796774111,-0.1416646827456,-0.1993298638796,-0.0241606529019,0.4193506410588,0.3801610029968,-0.2684807044665,0.1184485852405,1.0000000000000,0.2658177890125,0.4603605941782,0.3130125638377,0.4885090623259,-0.0221794344771,-0.0596296240177,-0.1708596756048,-0.0027848984647,0.0506283516126,0.3772347540131,-0.4660783782958,-0.3306941904452,0.3220731022428,0.2254241893074
0.3139938254697,0.0187002243714,0.2248770001992,0.0479995965087,0.2573931011671,-0.3422648953331,-0.0686014980938,-0.0911661480752,-0.1014271642234,0.1926817557889,0.0313382227832,-0.2501346287761,0.2426563815547,-0.1139321724095,-0.1131443014394,-0.1400153065956,0.7075631926914,0.0323259368512,-0.2030095854117,-0.1571061729851,0.2856817816518,0.7101088281588,0.4005716859065,0.6496440017277,0.0104581567799,-0.1155567751706,-0.2594450951137,0.0819305817473,0.0377168782188,0.1322051219001,0.1276565469952,-0.2436525376480,-0.2953681555296,0.3496050392569,-0.0113711540690,0.1093583857506,0.0528450323629,0.2289493051149,-0.1194201547107,0.1768119585681,-0.2665994649229,-0.0455289190517,-0.1011926026131,-0.0955792628298,0.1088197786499,0.0269371770548,-0.1974628848348,0.2048724296312,-0.1036977510356,-0.2603498701814,-0.1610207381631,0.7387570847282,-0.0288393881234,-0.2493010921533,-0.1780500902724,0.2658177890125,1.0000000000000,0.4484668636081,0.8625868441357,0.1251498606221,-0.0986459436261,-0.2913513284692,0.0312523700747,0.0822991832099,0.1165641712318,0.4045024359187,-0.3246656455099,-0.2166246058929,0.3244430724101,-0.0362745030241
0.3560807561337,0.4713887447466,0.2434109453408,0.5732878455112,0.4556574569244,-0.1075879598223,-0.0878847228521,-0.2147977071528,-0.2430571872639,0.5496244458196,-0.2171203744619,-0.1460536010228,0.3821139783830,-0.1912884650116,-0.2051001713610,0.1907495004508,0.5798040984302,0.1457954514100,-0.2443595031738,-0.1582951591205,0.4665632918591,0.4730117809894,0.9053898197951,0.5258207525435,0.4551119567475,0.0243938402285,-0.1194260946453,-0.0143826488645,0.0777176952546,0.3614685385515,0.4217350523831,-0.3707424807585,-0.1068938860218,0.5362644166335,0.4555650370552,0.4065961915726,0.4519184039152,0.1260661584241,0.3866049631632,0.4512329708184,0.0665297406034,-0.0311265707233,-0.0225107781866,-0.1400881335944,0.5689951478000,-0.1082397297667,-0.0390889621911,0.3568525745634,-0.2525991326904,-0.1780675190490,0.2273868427277,0.6531249470598,0.2814955107918,-0.2335729487321,0.0449994160641,0.4603605941782,0.4484668636081,1.0000000000000,0.5753870201174,0.6559452248941,0.0532694528765,-0.2871832685032,-0.1080130095604,-0.0634393773267,0.3433971322780,0.5412049682511,-0.3938598164191,-0.0305391466810,0.5898652841519,0.4469435329604
0.2608557298408,0.2807214750451,0.3196162963166,0.1855567870033,0.2880652260011,-0.3325974295369,-0.1333558575159,-0.1909540405794,-0.1409143815434,0.1627248545250,-0.0715362063479,-0.2290915097059,0.2338691237608,-0.1059087070800,-0.2209770711357,-0.1211739858197,0.6480772837066,0.1801742584076,-0.1535709427800,-0.1289049019170,0.3465460236139,0.7470901769403,0.5230813858205,0.7360563253689,0.1198011198046,-0.1147040339437,-0.1211341849954,0.1773101023554,0.1335228609085,0.1525164168782,0.3285011083302,-0.3660915969320,-0.3067153134413,0.3869439276901,0.1493444497843,0.1884697308117,0.3016549460999,0.2096903267247,0.0633363763778,0.2194863290485,-0.2131905307354,-0.0722183456315,-0.1519815673327,-0.1041342253568,0.1118310670415,-0.0029727147457,-0.1077326701078,0.1459582612047,-0.2182322061133,-0.2255266875149,-0.1000819381346,0.6634169933501,0.2146244396218,-0.2381206127333,-0.0232204033301,0.3130125638377,0.8625868441357,0.5753870201174,1.0000000000000,0.2066770571587,-0.0830932183963,-0.2042694348609,0.1376934944174,0.0500846023437,0.1719934697127,0.5324582138062,-0.3996377285589,-0.1938051112784,0.3978200172217,0.1379314106451
0.3255974734047,0.3483415314395,0.2107347627308,0.5670116997452,0.5711608114841,-0.0635961678167,0.0165920381422,0.0447449798486,-0.1187645845082,0.5656712670076,0.0261893759783,-0.2663292677711,0.4482400494054,-0.3814695425598,-0.1698278132108,0.1991389828958,0.4059109149040,-0.0004509323554,-0.4637965464434,-0.2606554068101,0.4875116438310,0.3173746573775,0.6445501786678,0.3755211789206,0.7879537058942,-0.0735492857458,-0.1194276566768,-0.2142826401350,0.2862274948778,0.3356223712859,0.4104514500478,-0.2118127025878,-0.1014209314312,0.4475376489793,0.3360467379160,0.3313641346342,0.3050216910340,0.2685305112999,0.3631389621768,0.6100368038820,-0.0106682183853,-0.1308607919257,0.3173895194584,-0.2147050903716,0.6406171597435,-0.0779013019749,-0.2121410026158,0.4230987407485,-0.3108238079446,-0.1843052517262,0.1541940436596,0.4166706550560,0.2163213856111,-0.3357514633773,-0.0349070907597,0.4885090623259,0.1251498606221,0.6559452248941,0.2066770571587,1.0000000000000,-0.0536666736240,-0.0320837987289,-0.1659075770776,0.1598037915780,0.1524544161073,0.4059592509502,-0.3127441509672,-0.1556463957714,0.4044579358990,0.2866926543922
0.2460285802793,0.2280271288091,0.0507820831174,0.2494450593061,-0.2180947545873,0.1402524631376,-0.0188127601309,0.2552469070897,-0.1710168796928,0.2624116686638,-0.1165381314961,0.2941475917688,-0.0903491051856,0.0016568363706,0.4259144259746,0.2251110796124,0.0154042269675,0.4119165937630,0.0726669311594,0.5195492994036,-0.0403169862247,0.0547288893789,0.1124641724379,-0.0138813754600,-0.0468432638420,0.7762145269752,0.3261786138801,0.4096862316516,0.0446816968683,0.2330546102480,0.0925984684281,0.3295574182216,0.0996217423753,0.1679203676275,0.3986013366694,-0.0125784597053,0.4266017108621,-0.0431396838080,0.3870150643464,0.0168317868717,-0.0324919346214,-0.2815656381651,-0.1922090045322,-0.3162877144444,0.0722477776696,-0.3935994127205,-0.0493319401930,-0.1293375252408,0.4751367948079,0.0744993392795,0.1073808861707,-0.0388251731615,0.0940753379148,0.1890554540360,0.4231587530956,-0.0221794344771,-0.0986459436261,0.0532694528765,-0.0830932183963,-0.0536666736240,1.0000000000000,0.4017938342365,0.4589633043196,-0.0604757599069,0.0201985456468,-0.3693214780546,0.3391481068116,-0.0228111609099,0.0050270231588,0.2268447470545
0.0222329797871,-0.0685908753788,-0.0103724480499,-0.2152512159155,-0.2497605830585,-0.1387914904197,-0.0585230905117,0.4146225657460,-0.0989454319083,-0.2043979077232,0.1139899408901,-0.0434535070640,-0.1439780351910,-0.2969086900429,0.1263834100401,-0.1987640536393,-0.1320112543218,0.1987678550332,-0.2075735594954,0.2678993128546,-0.0508273597962,-0.0811812712393,-0.2945596444925,-0.1065286979890,-0.1589055848071,0.1850276310477,0.3010039165544,0.0720185714926,0.0912293199577,-0.0974126263938,0.2158370768302,0.2767556575235,-0.1409533085222,-0.2054883351312,0.0132794084264,-0.2367533880603,0.2241081504407,0.3018219751573,-0.0850726106052,-0.0716512923590,-0.2949220225930,-0.4018659651085,0.1480404514530,-0.3544214156536,-0.3445151310554,-0.2443818212175,-0.2429088510084,-0.2293039594832,0.1726203940915,-0.1008013593415,-0.3038388895207,-0.2005878780590,0.2970940309954,0.0407355767151,0.3215016813877,-0.0596296240177,-0.2913513284692,-0.2871832685032,-0.2042694348609,-0.0320837987289,0.4017938342365,1.0000000000000,0.3713325958692,0.1009101385796,-0.3096202713131,-0.0924550381634,0.2217875435943,-0.3103631677379,-0.3735781004583,-0.1301597808270
0.0118856513238,0.0282761442090,0.3785884703132,-0.0162136595207,-0.1609448788621,-0.1337275858526,-0.1921787844547,0.2655988552479,-0.0965635123304,-0.1567171877796,0.0864439331955,0.0421759173464,-0.2313828167454,0.1692694583176,0.2069972896858,-0.1534895894628,0.0233629605901,0.1761146995914,0.1104445831727,0.2073500218199,-0.1007465443081,0.0983759507223,-0.0574765320909,0.0864365465819,-0.0875868424166,0.3479335766225,0.4000098910186,0.7966690164389,0.0483008057037,-0.1138945336042,-0.0351054075191,0.1615626308766,-0.1867142600384,-0.0803355941235,-0.1454528969031,-0.1066642095935,0.1566587184378,0.1425887650614,0.0831366064218,-0.1814312366946,-0.1837099384489,-0.1816607618449,0.0702754176931,-0.0909268513381,-0.1882420695195,0.0025446627086,-0.0366806727824,-0.3491870591622,0.2976823191625,0.1698133472957,-0.1690496129096,-0.0638767590537,-0.0053137238119,0.1200218382441,0.1219294761980,-0.1708596756048,0.0312523700747,-0.1080130095604,0.1376934944174,-0.1659075770776,0.4589633043196,0.3713325958692,1.0000000000000,-0.0622599565341,-0.2048558285766,-0.2950945966188,0.1944363493412,-0.1843709808797,-0.2127952098036,-0.2050279324206
-0.1889359546301,0.1455093656396,-0.0825298668672,-0.0505636384069,0.0777321101957,-0.2174362394428,-0.1411088354872,0.1850356041023,-0.0479980652804,-0.2107956873361,0.2407869389590,0.1398248339406,-0.0916701905459,-0.0073520983059,-0.1103283522019,-0.2342104363889,-0.0451700509960,-0.0499586166317,0.0271665049123,-0.0111151763889,-0.0271960670340,0.2924420530557,-0.0205349309414,0.1785489555073,0.3504814036584,-0.0473246080696,0.1901686909761,-0.0560353827123,0.7324558890324,0.0959328938934,0.1776673064727,0.3528499052519,-0.1365632007306,0.0139237273762,-0.1490061287301,-0.1637331626749,0.0732547171890,-0.0644787960811,-0.0079640163891,0.2245121410389,-0.2811825082095,-0.2125422550702,0.2394891171558,-0.1248246266267,-0.2440496271762,0.0665358404586,-0.1303044796105,0.0003928275000,0.0179614624483,-0.1473657544696,-0.2469806272096,-0.1137422416972,-0.2268234231627,-0.1084547745736,-0.2633425269365,-0.0027848984647,0.0822991832099,-0.0634393773267,0.0500846023437,0.1598037915780,-0.0604757599069,0.1009101385796,-0.0622599565341,1.0000000000000,-0.2167538179733,0.1091961803765,0.3622533231721,-0.2177561888801,-0.0957013653665,-0.3047901298201
0.2197767079213,0.3254427726019,-0.0612484816261,0.3937686208987,0.3332290014269,0.2868883035218,0.0266876005318,-0.3874517304593,0.0080487974916,0.1267404336372,-0.0634093179485,0.0944044373119,0.2118221484517,0.2253393176991,0.0176855940564,0.3785449548871,0.0088947336849,0.1043256693027,0.1502494741667,-0.0826567403495,0.0747973736506,0.0466604056725,0.3132167794137,-0.0291085653876,0.1829780407091,0.0760022314213,0.0260744785869,-0.0454179020554,-0.0722924945624,0.5036189973562,0.0545463829709,-0.3513734774729,0.1831529107900,0.3835366144192,0.3550977337443,0.6237599415087,0.1854968025715,-0.3687205193199,0.4438139345940,0.1803468789767,0.5176593323955,0.3984219675737,-0.0217220835141,0.2823358075378,0.3227019614769,0.2568113606575,0.3938657455303,0.2850908907110,-0.1482020479397,0.4132069722538,0.5155852822808,0.1155682492967,0.3473598295171,0.1606051854010,0.2713257553948,0.0506283516126,0.1165641712318,0.3433971322780,0.1719934697127,0.1524544161073,0.0201985456468,-0.3096202713131,-0.2048558285766,-0.2167538179733,1.0000000000000,0.2566325559192,-0.2037717577676,0.4399313910165,0.6861662040894,0.6319651333814
0.1475191835086,0.3155447080130,0.0832122442732,0.1591495701002,0.3301928848481,-0.2900714503153,-0.0875939778462,-0.2458669916749,-0.0804500871754,0.0600243188016,-0.1002879837723,-0.2378124913520,0.3163864859960,-0.2694586503625,-0.3365954061559,-0.1576240378653,0.3914806775729,-0.0205988399822,-0.2761841557770,-0.3055631709562,0.4153620981491,0.3977594213833,0.4478279173433,0.4312598887863,0.2276422216513,-0.3114572096027,-0.1835121515661,-0.3095528103803,0.1413742007637,0.1387186196367,0.5834848242790,-0.4603098680375,-0.2317164588968,0.2635082893644,0.1653471018084,0.2759607679736,0.2449607256082,0.2608505096360,-0.0375731346640,0.1943430512932,-0.1106034499753,-0.0250181400585,0.1675604789547,-0.0215312590178,0.1036715156897,0.0311942109378,-0.0433016691529,0.2622349281304,-0.4149648225233,-0.2413133939529,-0.0808577991945,0.4207586867208,0.4090702466935,-0.2878556963080,-0.0077178840430,0.3772347540131,0.4045024359187,0.5412049682511,0.5324582138062,0.4059592509502,-0.3693214780546,-0.0924550381634,-0.2950945966188,0.1091961803765,0.2566325559192,1.0000000000000,-0.4827031046060,-0.1570289258598,0.3497546682086,0.2018800600539
-0.3127873880153,-0.0727736533759,-0.3063373091744,-0.2174598246851,-0.3700363515468,0.1446159350937,-0.2006503617522,0.2543477043395,-0.1608785670271,-0.3034969582530,-0.0343358100472,0.3497413844761,-0.5134861836003,0.1553029742013,0.1783157413407,-0.0992105019527,-0.3907194809914,0.0660097097614,0.1969789648838,0.2481551505120,-0.5421949537945,-0.2359157539705,-0.3247785113369,-0.3159741552059,-0.0486182140172,0.3058215655973,0.2867587687016,0.2011538187857,0.2109629399612,-0.0721570140346,-0.1882819785602,0.8693020823331,0.2620425479260,-0.1880233208885,-0.1321698687098,-0.3054830223074,-0.0773987008044,-0.3727787051958,-0.0207037194533,-0.1989756863131,-0.0003917367113,-0.1642544249297,0.0280733241486,-0.1215586305731,-0.3457137803282,-0.1651681212268,-0.0054124248349,-0.3771521274539,0.3671443541352,0.0638977388682,-0.0478785233062,-0.4434513057667,-0.3085820386595,0.1350403286830,-0.0080275460744,-0.4660783782958,-0.3246656455099,-0.3938598164191,-0.3996377285589,-0.3127441509672,0.3391481068116,0.2217875435943,0.1944363493412,0.3622533231721,-0.2037717577676,-0.4827031046060,1.0000000000000,0.1241468058698,-0.3537603939577,-0.2582370989129
-0.1050966217362,0.1403587692241,-0.1670858678577,0.1848526378802,-0.0279019625808,0.6435450491102,0.2540777142654,-0.3717956238464,0.2208833733365,-0.0228700880135,-0.1461965796342,0.4135413501644,-0.0948953598792,0.3133386176440,0.1712705045054,0.5054791493820,-0.3544814529951,0.0569110981386,0.2808038744403,-0.0287279630120,-0.3377701647360,-0.3248103961500,-0.0570464106395,-0.3175970567780,-0.0133568750532,0.1163487829334,0.0566773670316,0.0160884431806,-0.1458666618050,0.1342536308878,-0.1974752317048,-0.0349363297100,0.6893741903712,0.0735663277880,0.2556443710435,0.2556166108307,-0.1304984814854,-0.4484308454031,0.3209701842167,-0.0499188500725,0.7964213348933,0.6027938985909,-0.1289580523408,0.4993400359628,0.1730448935024,0.0555338508992,0.6045627316762,0.0590842146339,-0.1190430133041,0.3606364503582,0.6783819352366,-0.2594485292406,0.0412221996466,0.3037883464928,0.1489531208908,-0.3306941904452,-0.2166246058929,-0.0305391466810,-0.1938051112784,-0.1556463957714,-0.0228111609099,-0.3103631677379,-0.1843709808797,-0.2177561888801,0.4399313910165,-0.1570289258598,0.1241468058698,1.0000000000000,0.2887584924038,0.4849456274610
0.3076526934669,0.3961193571670,0.1002515653364,0.4969559023683,0.4874898449692,0.1766710981827,0.0292668241156,-0.3204236602599,-0.0781506714736,0.4008583238675,-0.0888587973234,-0.1105009249745,0.3421188816373,-0.0971378016278,-0.1135481756017,0.3932360401955,0.2136120678720,0.1373278226504,-0.1718903878618,-0.1270708425183,0.3022496738664,0.2968203179604,0.5110018673355,0.2974550682102,0.3704710940652,0.0033996048057,-0.0962296831969,-0.0539930407706,0.0822334470468,0.5851528848058,0.1806573709565,-0.4353569271923,0.0370083615647,0.6961084656128,0.4596462252114,0.5885769197236,0.2793015231082,-0.1304817557820,0.4715409279396,0.4458301867475,0.4362886695952,0.2536815992432,-0.0356739865492,0.1184757231192,0.5326275117665,0.0658385115039,0.1005081251068,0.4973800836586,-0.4514944369328,0.0357270874998,0.5028610017602,0.3087179086690,0.3209476587817,-0.1497463325808,0.1516712494365,0.3220731022428,0.3244430724101,0.5898652841519,0.3978200172217,0.4044579358990,0.0050270231588,-0.3735781004583,-0.2127952098036,-0.0957013653665,0.6861662040894,0.3497546682086,-0.3537603939577,0.2887584924038,1.0000000000000,0.6511363907114
0.2710247672600,0.5054281058332,0.1261581242087,0.7075452832370,0.2514543122905,0.5267039819403,0.2357358447684,-0.4195953276926,0.0629992786678,0.4175956154404,-0.3016069268590,0.1274852301554,0.3249696635442,-0.1273922889291,0.0295945752399,0.6894776017347,-0.0167121772986,0.3780031155972,0.0370090029686,0.1501129284647,0.1698994515305,0.0548444275168,0.4592114481587,0.0791930709823,0.2054674733727,0.2570941521684,0.0452797028384,-0.0714713463907,0.0079191945229,0.4385654389421,0.2546996812874,-0.3476337569510,0.3076031738337,0.4890484500748,0.8171058467293,0.4966895696829,0.4547501735897,-0.1551976061710,0.7022877141506,0.2858870400492,0.6654831010359,0.3284328812178,-0.2211461274790,0.1904979722437,0.5402594801540,-0.1380423265142,0.3493818298677,0.3672458092134,-0.3565817858405,0.2035958523869,0.7838278413221,0.0470550542582,0.5994731660163,0.1505542838190,0.5345083299279,0.2254241893074,-0.0362745030241,0.4469435329604,0.1379314106451,0.2866926543922,0.2268447470545,-0.1301597808270,-0.2050279324206,-0.3047901298201,0.6319651333814,0.2018800600539,-0.2582370989129,0.4849456274610,0.6511363907114,1.0000000000000
