11.0378077912992,0,96.7115030793853,84.3380447626114,86.068431854248,75.5946782430013,62.940902632785,24.4869324671743,32.9237043774949,82.7704277038574,53.3349265622017,129.412091955674,77.4183292854123,144.11416015625,18.3256904441684,51.7180245139382,180.949462890625,99.2129018044885,146.814224042391,134.797304031697,71.8307452883039,80.6138342763041,82.4422124226888,78.5617618053796,100.727473980043,0,121.921912500957,128.16848053095,79.2485053258537,18.0105969393491,32.4926568312634,180.694662475586,78.8907442092896,37.4132961112762,86.2259949105127,0,0,159.992525736491,0,150.638931274414,0,0,204.365226745605,185.276458740234,153.739147186279,0,240.108840942383,0,0,148.549026489258,0,0,216.869812011719,0,215.172012329102,0,0,113.260799407959,169.696505228678,131.261949018999,0,204.037574768066,167.978634425572,149.882030063205,0,0,0,0,145.518699645996,0
0,7.81110665764064,50.0003397422924,30.5271564279284,0,0,0,123.095979054769,140.111961364746,69.5062938859045,143.815399169922,81.2792545318603,0,52.8868576587696,164.533962249756,105.535890579224,62.2938146025079,73.3311364132425,116.81271870931,77.8409115473429,0,101.66402130127,28.3553604659505,77.6183471679688,84.7364359560266,21.4812088131566,60.2958376589377,29.3395816558763,115.531307691938,157.686206054687,121.322268676758,71.6859107599026,0,147.039611816406,99.5010984084185,0,49.6692244211833,71.2478483835856,73.2618853024074,149.30891418457,0,0,138.968925476074,0,100.634968844327,159.757331848145,120.308559417725,0,167.859050750732,0,102.015335083008,96.763737487793,103.472567967006,146.358233133952,135.148410797119,164.656539916992,97.48193359375,53.7543720669217,94.8879330158234,121.270051898378,158.334487915039,120.204792097503,91.2885657909305,153.577922821045,0,118.178009033203,194.51496887207,0,0,109.829719543457
96.7115030793853,50.0003397422924,11.8496994706305,49.9340379375151,130.92936706543,191.518005371094,147.98583523862,91.8036560482449,118.518462555041,93.5076732635498,124.400013836947,100.919356506412,191.540481567383,102.775080222783,109.64849169425,158.836619059245,87.4179458618164,53.2109981602378,115.801511182283,96.1792556211588,147.187744140625,66.1260082224395,43.468516487299,27.5100325206264,112.704646205902,123.509971618652,43.7418823621037,37.008654712886,86.2519264841635,132.244119843001,90.0024506296823,106.169926058862,168.709553309849,121.445740071739,65.9209567746756,170.376998901367,93.4863936812789,99.7027880112252,79.7325275645536,0,0,204.267623901367,170.491550021701,199.374629974365,142.141792297363,188.197022658128,174.388076782227,0,209.299962361654,197.541783650716,0,117.378754216974,128.718760120625,183.156265258789,158.674129740397,0,125.348542531331,71.7135172148009,107.852892512163,156.365236421911,162.915115356445,117.014112104449,104.350943057489,172.927862728343,193.357120513916,149.26388168335,170.003677368164,0,215.890502929688,139.543455200195
84.3380447626114,30.5271564279284,49.9340379375151,42.0286135649277,68.2272924097573,113.227409362793,111.799418992263,60.9070036293256,94.9974108219147,26.8837940581193,97.5720642769691,88.2468356205867,120.232623418172,62.1229398175168,97.1818376719523,82.954466683524,42.564175287748,80.2829969716627,91.542552947998,89.9632288344363,90.287945691277,57.654649047249,25.162627363342,51.853912398177,49.7734048679583,30.3684139359469,53.9671084220515,45.3381343619007,67.9875682073038,80.5548638153076,59.6645577730907,78.7454184454841,115.625026702881,66.9173363019835,89.3953355343756,92.813858795166,58.5943249511719,67.206183615185,23.7899838360873,98.7650449752808,0,130.215387980143,97.441507657369,125.364289347331,34.9577376083894,116.936117384169,137.326919555664,97.812255859375,77.9948674610683,113.551226298014,115.384284973145,57.4444243672689,88.8588765008109,102.654579162598,118.472453308105,153.335006713867,71.5045063696175,39.9519631023138,69.2625979826519,66.5110309864925,42.7996068681989,89.6964607684933,69.991706750128,90.5889397190042,113.258147404112,75.8212440715117,110.526945114136,0,98.5937652587891,111.176670074463
86.068431854248,0,130.92936706543,68.2272924097573,10.3736179323007,138.449203491211,60.7904317121248,29.8143131836601,78.749960068169,53.835844549209,22.9089659491399,0,22.8990115619491,167.987655639648,104.39325761795,68.1673096104672,75.3619842529297,173.301315307617,206.50325012207,224.491912841797,14.336953459946,161.717597961426,69.0461900672134,108.026560696689,16.3897677179935,0,148.047179085868,126.174511542687,20.7864297541942,99.1107991536458,87.26142578125,0,0,74.584980222914,98.9661316290134,220.063400268555,0,207.646209716797,71.6386566162109,9.28104076318021,0,80.4875383377075,134.424819946289,207.044021606445,83.3803037802378,100.803928375244,0,15.6964798482108,0,189.372283935547,92.20325978597,0,245.998184204102,0,0,10.8168691161693,0,125.24877166748,162.588562011719,100.391468161967,0,220.584217071533,184.97031656901,133.66618027798,0,160.125310262044,0,0,0,0
75.5946782430013,0,191.518005371094,113.227409362793,138.449203491211,6.51214040986175,19.2499630983544,127.388458251953,31.140788987239,87.558032989502,133.772316932678,72.9339048597548,60.4491901397705,79.6935920715332,48.7245311121787,13.578838422149,0,0,93.8885014851888,101.049376351493,0,0,0,127.438516616821,75.483697618757,0,109.831019083659,123.027117919922,129.497817993164,33.6485217866443,115.175231933594,0,11.1880487205781,0,40.4555665293048,0,0,0,0,0,0,0,0,0,0,0,0,0,0,0,0,221.640670776367,0,0,0,0,0,0,0,0,0,0,243.522659301758,189.448455810547,0,0,0,0,0,0
62.940902632785,0,147.98583523862,111.799418992263,60.7904317121248,19.2499630983544,8.65582676663237,58.1851874607197,24.367181144746,90.6233051300049,28.5864761294565,87.5250295003255,21.8171498911465,85.5841737227006,44.4634965849169,12.6949350257955,151.367660522461,163.322741042736,98.2760638282413,139.587602161226,38.5015302368046,127.025311279297,135.422368730818,128.744919818381,99.3792139190474,0,171.699710219654,159.079322509766,62.0973240261408,42.2336098194639,113.882758331299,139.726095581055,20.8138426662989,111.598318851355,72.6111954717193,0,0,214.009195963542,96.5960693359375,175.723843383789,0,0,165.682220458984,220.84659249442,111.488604736328,182.799865722656,0,0,0,195.203943888346,0,0,0,0,0,36.8208484649658,0,0,218.009677886963,146.626067376906,0,210.589126586914,224.146115112305,175.529122768304,197.831787109375,219.938949584961,0,0,0,0
24.4869324671743,123.095979054769,91.8036560482449,60.9070036293256,29.8143131836601,127.388458251953,58.1851874607197,8.83136415502885,43.3120046341414,67.3722675111559,12.4417775594452,162.03529894352,57.780051730928,161.739909362793,44.4458694613072,74.0680508083767,107.418253580729,110.451752835039,166.811218261719,140.894380939541,29.4858833503723,58.9140491873531,85.1217427934919,61.7347411375779,60.8731077853764,165.471832275391,127.568222058625,128.904183140507,18.8065284814942,49.4338878449076,13.1187400249085,187.836387634277,122.133073806763,68.6092723626357,88.5295029287789,0,186.360076904297,167.728375342584,156.768829345703,145.109252929688,0,162.093185424805,150.846930070357,151.219394138881,108.223579406738,144.207050323486,0,0,0,164.978638966878,0,189.558685302734,195.978942871094,0,0,93.6830444335938,203.100555419922,127.779979705811,172.454852294922,119.254892218603,0,186.218353271484,178.523448440264,136.302947743734,171.205557929145,157.663188171387,0,0,164.144195556641,141.693176269531
32.9237043774949,140.111961364746,118.518462555041,94.9974108219147,78.749960068169,31.140788987239,24.367181144746,43.3120046341414,13.5999562723304,87.9882236187275,27.2616248872562,101.698907951903,51.5998884355072,122.551789735493,20.163761742127,30.5316544343309,154.993581136068,138.555430945228,121.688021414621,137.009249773892,88.6150380532573,102.416809755213,137.752180480957,99.7439646031569,93.1102799217482,111.765969170464,150.638609474378,152.08701808417,74.1915824113795,32.6757971869435,84.4501520262824,135.774713062105,11.2708352321684,104.958374559879,74.2526301607674,192.154551188151,0,190.739452785916,174.373947143555,138.863607788086,0,174.846189710829,167.233676486545,183.975505482067,97.4949871943547,159.186575698853,0,0,159.122413635254,194.459477233887,0,188.469024658203,246.701370239258,0,232.86750793457,153.381019592285,224.911437988281,159.333034091526,204.489273071289,129.236357175387,0,206.027757263184,199.070758232704,151.909832269373,179.566609700521,178.180130004883,0,0,217.430282592773,190.942177908761
82.7704277038574,69.5062938859045,93.5076732635498,26.8837940581193,53.835844549209,87.558032989502,90.6233051300049,67.3722675111559,87.9882236187275,8.62652776661047,88.3217932961204,139.695198567708,9.16132333330392,125.818711650328,103.708584812709,22.1557822264557,64.9046076980292,155.235198974609,159.041783650716,176.907787322998,40.9324367457423,74.4257970537458,32.1191669184293,121.830218178885,25.5636142646095,105.0700006992,129.648156142816,114.011092588812,57.4013378367845,95.0320515182783,57.3036903175148,145.94349699754,242.515838623047,68.6759112548828,125.051847185407,82.6696523030599,99.8824005126953,176.891426086426,32.5811855316162,101.01754728953,0,129.796689987183,123.479103088379,137.006962367467,35.1286851983321,129.843171255929,0,81.9156445094517,175.456677246094,98.3406041463216,57.5802047729492,169.201497395833,0,0,0,135.676953633626,159.71940612793,105.080270131429,208.728800455729,65.6092698439112,0,204.479760306222,206.177193777902,90.5866145698392,110.57655443464,153.943534851074,0,0,0,85.9030838012695
53.3349265622017,143.815399169922,124.400013836947,97.5720642769691,22.9089659491399,133.772316932678,28.5864761294565,12.4417775594452,27.2616248872562,88.3217932961204,10.0639719117595,158.021585505059,27.0149454139642,171.581111363002,51.026014665726,69.3836909968679,147.033078511556,152.939024220342,180.909863789876,180.691572875977,16.6916571571832,107.779195785522,115.477916717529,102.082975289256,77.6104248459659,194.897567749023,157.604197208698,153.751186726888,24.7689756900179,90.89461339945,120.886060846263,189.566307067871,115.911465406418,91.2722655956562,92.3709488085719,0,148.61198425293,193.633866628011,101.243034362793,127.296912789345,166.339431762695,166.511934916178,160.268890380859,189.121068781072,104.732271714644,176.27179107666,0,128.763025919596,0,187.5632909139,0,149.735585530599,189.63362121582,0,0,64.8156837054661,243.617706298828,155.893714904785,201.80400390625,129.673468239077,0,205.28554280599,203.964762369792,152.264370958344,217.328079223633,227.814834594727,0,0,0,189.222721099854
129.412091955674,81.2792545318603,100.919356506412,88.2468356205867,0,72.9339048597548,87.5250295003255,162.03529894352,101.698907951903,139.695198567708,158.021585505059,15.2064245799177,170.605877685547,19.4438782826186,100.405526039344,202.718627929688,140.656290690104,64.935220698921,26.7414979032301,28.7555600024082,162.585308074951,102.579621565969,111.009662900652,94.1473104005219,165.290023803711,37.580632450621,31.1365702824143,66.3947127476107,161.221279706142,62.7803080629089,105.992878370551,40.1895478087466,73.5467986319829,99.8251953563471,27.9105556860591,0,159.536666870117,144.439191818237,120.236638876108,0,0,0,239.676361083984,0,170.641563415527,0,101.243313789368,0,87.2694619717805,0,0,0,186.910659790039,116.274220784505,138.990426381429,0,0,148.498420715332,181.432056427002,186.784088134766,86.4915915144251,116.339166523498,120.901302522826,228.416010538737,223.457382202148,0,110.976447671147,0,0,211.766464233398
77.4183292854123,0,191.540481567383,120.232623418172,22.8990115619491,60.4491901397705,21.8171498911465,57.780051730928,51.5998884355072,9.16132333330392,27.0149454139642,170.605877685547,9.06728102726286,0,96.8079872462102,10.8056257194831,0,187.188519287109,0,0,11.7227531920509,65.0057601928711,79.2768647935655,147.005271911621,16.6487864355487,0,202.86213684082,157.023517184787,49.5738319739206,101.582666372324,152.120254516602,0,130.039108276367,117.218676757813,98.7416546813443,0,0,0,0,33.3367665021316,0,174.870620727539,0,186.038246154785,94.7871307373047,46.1442427635193,0,6.51831651438633,240.518997192383,199.915084838867,90.5282382965088,0,0,0,0,9.69749864349215,0,0,0,105.04485377559,0,208.491561889648,0,169.524407958984,0,0,0,0,0,0
144.11416015625,52.8868576587696,102.775080222783,62.1229398175168,167.987655639648,79.6935920715332,85.5841737227006,161.739909362793,122.551789735493,125.818711650328,171.581111363002,19.4438782826186,0,8.0748103658632,127.949405105026,155.493194580078,146.888247898647,137.546976361956,64.5948404010973,96.307196673225,0,179.508666992188,94.9015088112939,137.184470367432,142.225745370455,20.5260716155226,36.3022401674829,29.8847775098254,169.14895324707,75.5793358375286,142.114904785156,21.9180659364153,93.1889176368713,125.508725484212,54.7644000313499,0,112.116954803467,0,55.8603179519241,228.478454589844,0,0,0,0,164.179356384277,0,82.5850524902344,0,70.2861946268285,245.996841430664,176.548492431641,201.129409790039,160.646728515625,102.380342483521,129.488563537598,0,0,129.062304496765,207.730178833008,182.105291513296,62.9131442834131,103.441543003298,101.196018488784,210.195846557617,0,221.587982177734,94.0043641742907,0,0,176.566902160645
18.3256904441684,164.533962249756,109.64849169425,97.1818376719523,104.39325761795,48.7245311121787,44.4634965849169,44.4458694613072,20.163761742127,103.708584812709,51.026014665726,100.405526039344,96.8079872462102,127.949405105026,8.99855908561809,48.3327060164067,153.07558186849,123.032326123882,130.958181289147,139.38276482665,105.846377575984,87.7096825386714,125.177995508367,91.0323614557105,99.6616655397246,128.257223510742,141.875346200693,145.78126335144,87.4418788409763,20.5134613466636,60.7388279544773,129.583904520671,11.7215910839463,70.5715601213517,71.5668971270564,190.095268249512,0,184.345812041184,169.580825805664,204.565465291341,0,0,162.202138264974,208.778787612915,106.865299224854,179.003742762974,0,0,238.522857666016,224.419784545898,0,199.663703918457,225.108612060547,0,235.756591796875,0,221.172538757324,149.922701517741,188.463962901722,150.693198354621,144.49089050293,216.950368245443,185.802039169684,160.558243083954,180.117500305176,182.227611541748,0,0,166.447235107422,197.927754720052
51.7180245139382,105.535890579224,158.836619059245,82.954466683524,68.1673096104672,13.578838422149,12.6949350257955,74.0680508083767,30.5316544343309,22.1557822264557,69.3836909968679,202.718627929688,10.8056257194831,155.493194580078,48.3327060164067,7.49047294460875,158.204696655273,158.071678161621,0,0,60.3401479721069,92.7830505371094,87.6558350783128,98.6009788513184,57.9847997039698,144.748062133789,161.421284266881,151.113367462158,86.318943300109,58.6669346304501,70.3659133911133,0,31.9583044975035,72.7461919784546,47.6895376841227,0,0,0,0,156.512710571289,0,0,0,0,121.519577026367,0,0,117.91138458252,0,0,0,0,0,0,0,0,0,0,119.141860961914,131.253698348999,0,0,0,0,0,0,0,0,178.806655883789,0
180.949462890625,62.2938146025079,87.4179458618164,42.564175287748,75.3619842529297,0,151.367660522461,107.418253580729,154.993581136068,64.9046076980292,147.033078511556,140.656290690104,0,146.888247898647,153.07558186849,158.204696655273,14.811352731395,118.076853060255,153.884883880615,142.947332654681,162.064758300781,23.5153280700632,30.8201893840716,16.6058052712055,27.1629746440755,115.919593811035,116.37870219056,29.0978592741882,47.2687642992677,116.269627888997,77.4243305485423,154.49712117513,0,82.8208694458008,108.580633204034,0,152.472885131836,128.227296992711,103.748790740967,0,0,0,194.544499715169,0,134.621599197388,240.84944152832,0,0,0,156.158477783203,0,105.030504763705,210.883102416992,0,194.349273681641,0,123.038969136901,61.4617634427016,108.973831381574,135.027142933437,0,158.743053602136,116.939598777077,141.754763493772,199.942565917969,120.805993615127,219.949348449707,0,155.442016601562,159.898204803467
99.2129018044885,73.3311364132425,53.2109981602378,80.2829969716627,173.301315307617,0,163.322741042736,110.451752835039,138.555430945228,155.235198974609,152.939024220342,64.935220698921,187.188519287109,137.546976361956,123.032326123882,158.071678161621,118.076853060255,10.5588283633233,70.6043801307678,24.5470362661165,212.384201049805,61.7094528990705,90.0075985179228,23.6848074157064,138.400046599076,124.170751953125,36.3493376044922,71.6379381243053,132.281324018512,107.957430091271,78.1185783685021,116.605393545968,143.592830657959,94.7704103065259,42.679245605734,0,94.092046101888,118.530885479901,78.7087290627616,220.927474975586,167.674057006836,230.253479003906,184.444706508092,233.341247558594,0,248.058441162109,0,0,167.90306854248,0,0,150.066699557834,128.588760648455,165.305629730225,156.843175252279,0,173.42505645752,119.733336708762,138.996259095239,201.659482683454,163.377822875977,121.162675594855,124.610036810147,199.636332920619,0,178.886393229167,180.48592376709,0,211.256958007812,145.867261250814
146.814224042391,116.81271870931,115.801511182283,91.542552947998,206.50325012207,93.8885014851888,98.2760638282413,166.811218261719,121.688021414621,159.041783650716,180.909863789876,26.7414979032301,0,64.5948404010973,130.958181289147,0,153.884883880615,70.6043801307678,10.4989150893801,16.0670101718674,0,130.346966184419,125.133819580078,104.303857411424,194.512975056966,46.7517495785119,31.4142962556915,77.6818143802074,182.96713684082,99.4258791233631,122.480563670665,56.9730551719665,100.352955288357,119.445668159647,63.8339663161975,0,120.020314534505,152.818389892578,81.593202318464,0,0,0,0,0,199.142333984375,0,120.70627822876,0,96.2355899810791,0,0,0,201.69815826416,112.23567114936,150.910486857096,0,169.24934387207,166.681686401367,199.267913818359,0,100.535956122658,117.13136212966,121.052468637941,240.236656188965,0,0,114.146149226597,0,0,199.826927185059
134.797304031697,77.8409115473429,96.1792556211588,89.9632288344363,224.491912841797,101.049376351493,139.587602161226,140.894380939541,137.009249773892,176.907787322998,180.691572875977,28.7555600024082,0,96.307196673225,139.38276482665,0,142.947332654681,24.5470362661165,16.0670101718674,9.20932581735816,0,100.325828473103,125.419425201416,76.4340142341896,174.24451751709,67.2604756673177,25.3905189067578,84.2364705057091,152.490523529053,107.824768812974,102.946947047063,73.2275295257568,93.5252965291341,106.239098105461,48.5988738452834,0,122.256689453125,146.479718134953,120.721247355143,0,0,0,187.741249084473,0,0,0,136.356269836426,0,122.166295138272,0,0,189.402592976888,132.372230529785,117.488540649414,149.270690917969,0,0,166.468078613281,174.434814453125,203.679626464844,114.27091217041,119.174903869629,124.382239831745,217.584331512451,0,198.534255981445,105.113128662109,0,0,153.287803649902
71.8307452883039,0,147.187744140625,90.287945691277,14.336953459946,0,38.5015302368046,29.4858833503723,88.6150380532573,40.9324367457423,16.6916571571832,162.585308074951,11.7227531920509,0,105.846377575984,60.3401479721069,162.064758300781,212.384201049805,0,0,9.46173098545981,0,79.3445676167806,156.949234008789,25.1186497028345,0,212.558223724365,195.409133911133,31.2310045775663,100.890062657798,153.516952514648,0,0,94.1668720245361,101.021616371729,0,0,0,185.601287841797,15.6113725093307,0,28.2695541381836,0,0,97.8738030327691,171.37326558431,0,12.7502649554723,0,0,114.736022949219,0,0,0,0,12.1839615074891,0,202.597152709961,0,100.271493449807,0,0,231.580642700195,136.376489911761,0,0,0,0,0,0
80.6138342763041,101.66402130127,66.1260082224395,57.654649047249,161.717597961426,0,127.025311279297,58.9140491873531,102.416809755213,74.4257970537458,107.779195785522,102.579621565969,65.0057601928711,179.508666992188,87.7096825386714,92.7830505371094,23.5153280700632,61.7094528990705,130.346966184419,100.325828473103,0,11.1272270360064,55.1977155750786,24.1495458729678,24.0056121611374,0,114.707737713037,78.5063293431256,29.4675120854396,81.0976497524387,28.7637926091576,181.015431722005,103.989738464355,51.9048997855112,47.4742557977335,136.937319946289,172.183364868164,154.695960998535,128.663505554199,0,0,0,133.186792031313,166.273062811957,107.404357910156,184.406219482422,0,0,0,154.520820617676,0,118.189645767212,184.322830200195,0,214.498891194661,0,126.657622830621,89.3837242126465,137.480819904699,128.90436594537,0,178.446196419852,147.113466093812,130.658402776144,142.085346056067,120.738516036778,0,0,132.774448394775,156.820545959473
82.4422124226888,28.3553604659505,43.468516487299,25.162627363342,69.0461900672134,0,135.422368730818,85.1217427934919,137.752180480957,32.1191669184293,115.477916717529,111.009662900652,79.2768647935655,94.9015088112939,125.177995508367,87.6558350783128,30.8201893840716,90.0075985179228,125.133819580078,125.419425201416,79.3445676167806,55.1977155750786,9.5774218951219,49.2885013237685,31.5881973187606,73.4923169177895,103.708496337241,42.387587656834,67.0619911776199,97.5380588399953,50.2039029381492,118.289617201861,0,77.1670963287354,96.4240823851691,0,118.757080078125,82.4103718163832,86.6947853088379,145.53776550293,0,0,153.986013412476,110.069931030273,86.717505750985,140.230813598633,208.960502624512,0,129.245365142822,126.894758224487,108.282804489136,55.1354032250236,131.991677856445,0,0,0,67.0984562788859,30.2882681297044,68.9786596430673,99.4506170099432,0,130.719465958445,80.6674856962981,101.895510696783,151.001068115234,70.653760989507,0,0,0,119.008360290527
78.5617618053796,77.6183471679688,27.5100325206264,51.853912398177,108.026560696689,127.438516616821,128.744919818381,61.7347411375779,99.7439646031569,121.830218178885,102.082975289256,94.1473104005219,147.005271911621,137.184470367432,91.0323614557105,98.6009788513184,16.6058052712055,23.6848074157064,104.303857411424,76.4340142341896,156.949234008789,24.1495458729678,49.2885013237685,13.1941441587231,90.37881451998,164.147816975911,77.5136855485257,49.0159405238146,55.7458002192767,90.8489371473566,49.2733287139599,128.6677669949,163.345664978027,74.5416223471947,51.2186353206375,148.125891113281,135.82137298584,106.526787451039,137.68231048584,168.316040039062,0,0,164.310933794294,169.490274047852,163.759567260742,198.242879231771,173.991333007812,0,197.075057983398,171.956858317057,0,105.902102237155,161.271453380585,0,203.326095581055,246.024795532227,121.113260807882,65.6854326816006,109.863988530119,141.899729179614,0,156.286794874403,109.393677959252,148.468515808819,153.69442653656,125.783177101449,214.956207275391,0,128.45783996582,148.974171357996
100.727473980043,84.7364359560266,112.704646205902,49.7734048679583,16.3897677179935,75.483697618757,99.3792139190474,60.8731077853764,93.1102799217482,25.5636142646095,77.6104248459659,165.290023803711,16.6487864355487,142.225745370455,99.6616655397246,57.9847997039698,27.1629746440755,138.400046599076,194.512975056966,174.24451751709,25.1186497028345,24.0056121611374,31.5881973187606,90.37881451998,12.7302540913124,120.435484837442,139.735133705339,93.51211216891,18.042436120256,88.2924647377354,75.4855091988094,167.651124572754,148.147785186768,71.2516816233245,109.689378518553,146.45760900324,138.54480266571,164.32166880653,88.0606313138395,92.1534576883727,0,149.896670319313,136.481198724711,151.898317623138,72.02419275804,145.879297776656,191.782165527344,124.667636871338,0,162.996664898212,80.915119489034,135.612789392471,211.755201551649,0,221.885935465495,90.2147358874885,142.29248936971,117.605607425465,154.370254600441,97.2678922031751,175.633014678955,193.647271997788,167.1778887516,126.154241891876,152.521921904191,136.525806427002,231.34748840332,0,135.640104384649,160.191584087553
0,21.4812088131566,123.509971618652,30.3684139359469,0,0,0,165.471832275391,111.765969170464,105.0700006992,194.897567749023,37.580632450621,0,20.5260716155226,128.257223510742,144.748062133789,115.919593811035,124.170751953125,46.7517495785119,67.2604756673177,0,0,73.4923169177895,164.147816975911,120.435484837442,7.87754213645447,45.0493655536832,23.0299591126902,162.679801093207,93.5799831814236,0,47.1899693774194,96.3781967163086,0,62.8229796310951,0,106.216548919678,101.462730407715,36.3367740457708,194.368591308594,0,0,0,0,149.979569753011,0,91.8578913762019,0,61.9948835147647,0,0,0,149.962455749512,86.0410744803292,94.8471145629883,0,0,117.010696411133,172.452041625977,149.175882720947,49.4013546253073,85.1657018841438,87.0081534959469,183.688087463379,0,0,81.2909373407779,0,0,0
121.921912500957,60.2958376589377,43.7418823621037,53.9671084220515,148.047179085868,109.831019083659,171.699710219654,127.568222058625,150.638609474378,129.648156142816,157.604197208698,31.1365702824143,202.86213684082,36.3022401674829,141.875346200693,161.421284266881,116.37870219056,36.3493376044922,31.4142962556915,25.3905189067578,212.558223724365,114.707737713037,103.708496337241,77.5136855485257,139.735133705339,45.0493655536832,15.7534245199981,42.4614544521051,132.548582739785,117.736999180006,108.313507465582,23.2102133369052,121.167413711548,119.897066057516,66.2213237168093,180.503253936768,113.064465543057,120.199848531087,88.5062302209998,0,0,0,204.380828857422,0,193.029614535245,228.033836364746,119.437162147378,0,92.5193082962036,207.075978597005,213.683212280273,188.921444702148,116.121657167928,113.884038567543,120.197569123113,0,159.280634099787,140.595968358657,144.684495958231,201.938836960565,98.5138679554588,103.140486749079,106.956537923933,202.613510594223,205.928398132324,185.772828674316,112.459779986898,0,0,139.893265704719
128.16848053095,29.3395816558763,37.008654712886,45.3381343619007,126.174511542687,123.027117919922,159.079322509766,128.904183140507,152.08701808417,114.011092588812,153.751186726888,66.3947127476107,157.023517184787,29.8847775098254,145.78126335144,151.113367462158,29.0978592741882,71.6379381243053,77.6818143802074,84.2364705057091,195.409133911133,78.5063293431256,42.387587656834,49.0159405238146,93.51211216891,23.0299591126902,42.4614544521051,15.726214350404,92.968891421391,114.981879623258,115.187695741237,16.5770467488942,137.84635480245,128.106270444077,76.4563998521669,183.468111038208,108.412675056458,104.227436687014,85.2966814597448,199.944505964007,157.6123046875,221.328379313151,181.639724011691,210.20538682204,159.92131819815,202.7518900091,133.179532536921,207.802047729492,101.657817967205,198.449164942691,202.702171325684,113.481009813046,127.121122511171,122.203568696976,127.497638386257,180.216705322266,131.481185489231,74.0754519006292,112.42248842637,154.607464591662,104.755027908877,111.066595691947,109.568116264072,174.483740694383,189.768073527018,171.466463201186,118.943339707015,0,155.366960144043,136.124860040073
79.2485053258537,115.531307691938,86.2519264841635,67.9875682073038,20.7864297541942,129.497817993164,62.0973240261408,18.8065284814942,74.1915824113795,57.4013378367845,24.7689756900179,161.221279706142,49.5738319739206,169.14895324707,87.4418788409763,86.318943300109,47.2687642992677,132.281324018512,182.96713684082,152.490523529053,31.2310045775663,29.4675120854396,67.0619911776199,55.7458002192767,18.042436120256,162.679801093207,132.548582739785,92.968891421391,11.8668794025373,83.8268022301242,37.8391223005532,171.266596867488,134.696066962348,64.1728627009784,88.3030585698829,153.412970588321,167.545488993327,166.385150788322,120.437918526786,74.1213901910914,123.136505126953,167.202973799272,133.153638061212,163.463610667103,92.1695041847229,157.778701071413,234.425888061523,96.6561418260847,189.878234863281,168.326084136963,112.230852762858,135.791172620985,197.706283569336,220.570587158203,214.176002502441,99.639710492866,154.302574363915,124.458252703557,159.09065452244,112.797594175701,0,187.767831802368,170.855559482369,134.90334256529,163.797154744466,135.866636747955,230.393043518066,0,144.112856023452,167.207316836795
18.0105969393491,157.686206054687,132.244119843001,80.5548638153076,99.1107991536458,33.6485217866443,42.2336098194639,49.4338878449076,32.6757971869435,95.0320515182783,90.89461339945,62.7803080629089,101.582666372324,75.5793358375286,20.5134613466636,58.6669346304501,116.269627888997,107.957430091271,99.4258791233631,107.824768812974,100.890062657798,81.0976497524387,97.5380588399953,90.8489371473566,88.2924647377354,93.5799831814236,117.736999180006,114.981879623258,83.8268022301242,11.6045628161168,24.3807948950486,95.3526520424701,8.58527122947809,15.282126807386,38.3541618080835,171.250659942627,175.502639770508,201.011451721191,177.895782470703,165.172210693359,0,214.060363769531,162.623668871428,172.820258004325,135.920651753743,196.482719421387,0,0,173.053619384766,185.596993764242,0,138.784652709961,0,0,0,0,109.978118896484,133.235010782878,195.098735264369,143.866629799644,0,192.058158238729,174.516236818754,156.393302981593,179.363964504666,158.0831934611,0,0,174.645771026611,171.71625773112
32.4926568312634,121.322268676758,90.0024506296823,59.6645577730907,87.26142578125,115.175231933594,113.882758331299,13.1187400249085,84.4501520262824,57.3036903175148,120.886060846263,105.992878370551,152.120254516602,142.114904785156,60.7388279544773,70.3659133911133,77.4243305485423,78.1185783685021,122.480563670665,102.946947047063,153.516952514648,28.7637926091576,50.2039029381492,49.2733287139599,75.4855091988094,0,108.313507465582,115.187695741237,37.8391223005532,24.3807948950486,12.4801077328195,0,159.788096110026,34.320918590983,44.3160529813011,136.497257995605,0,168.986112806532,145.415280659993,135.559432983398,0,186.258392333984,129.522016716003,176.87797088623,86.3326301574707,185.357208251953,0,0,0,158.880706123684,0,106.682574801975,230.03791809082,0,0,0,128.175038655599,110.0769627889,166.882390703474,115.804813808865,0,186.268099103655,166.727863311768,125.254861776539,142.036900972065,119.877252471581,0,0,132.437391281128,142.616904258728
180.694662475586,71.6859107599026,106.169926058862,78.7454184454841,0,0,139.726095581055,187.836387634277,135.774713062105,145.94349699754,189.566307067871,40.1895478087466,0,21.9180659364153,129.583904520671,0,154.49712117513,116.605393545968,56.9730551719665,73.2275295257568,0,181.015431722005,118.289617201861,128.6677669949,167.651124572754,47.1899693774194,23.2102133369052,16.5770467488942,171.266596867488,95.3526520424701,0,8.11657372422767,110.458896636963,193.65098063151,76.2061184969815,0,153.025816917419,164.235366821289,93.776976108551,0,0,0,0,0,206.936904907227,0,115.181004842122,0,90.0817259662556,0,0,0,177.03006362915,111.615058898926,170.787506103516,0,0,133.932716369629,0,245.128387451172,89.6582490921021,113.078134507399,117.445998820853,0,0,0,114.664705313888,0,0,136.464660644531
78.8907442092896,0,168.709553309849,115.625026702881,0,11.1880487205781,20.8138426662989,122.133073806763,11.2708352321684,242.515838623047,115.911465406418,73.5467986319829,130.039108276367,93.1889176368713,11.7215910839463,31.9583044975035,0,143.592830657959,100.352955288357,93.5252965291341,0,103.989738464355,0,163.345664978027,148.147785186768,96.3781967163086,121.167413711548,137.84635480245,134.696066962348,8.58527122947809,159.788096110026,110.458896636963,5.09948752293569,0,45.7880423574737,0,0,0,0,238.541000366211,0,0,0,0,0,222.989959716797,0,0,0,0,0,0,0,0,0,0,0,0,0,192.666969299316,0,0,189.957641601562,188.384765625,0,0,0,0,0,0
37.4132961112762,147.039611816406,121.445740071739,66.9173363019835,74.584980222914,0,111.598318851355,68.6092723626357,104.958374559879,68.6759112548828,91.2722655956562,99.8251953563471,117.218676757813,125.508725484212,70.5715601213517,72.7461919784546,82.8208694458008,94.7704103065259,119.445668159647,106.239098105461,94.1668720245361,51.9048997855112,77.1670963287354,74.5416223471947,71.2516816233245,0,119.897066057516,128.106270444077,64.1728627009784,15.282126807386,34.320918590983,193.65098063151,0,7.3469696338742,49.4140614205801,166.216732025146,0,187.537441253662,188.751403808594,171.096298217773,0,169.39274597168,144.513876778739,156.88337097168,122.655563354492,164.708017985026,240.470886230469,0,0,165.487747192383,0,170.757171630859,227.698104858398,0,0,148.340835571289,0,0,182.140449523926,121.553963422775,0,196.007690429688,198.089172363281,135.67420663639,154.867561340332,146.543395996094,0,0,188.341957092285,154.655448913574
86.2259949105127,99.5010984084185,65.9209567746756,89.3953355343756,98.9661316290134,40.4555665293048,72.6111954717193,88.5295029287789,74.2526301607674,125.051847185407,92.3709488085719,27.9105556860591,98.7416546813443,54.7644000313499,71.5668971270564,47.6895376841227,108.580633204034,42.679245605734,63.8339663161975,48.5988738452834,101.021616371729,47.4742557977335,96.4240823851691,51.2186353206375,109.689378518553,62.8229796310951,66.2213237168093,76.4563998521669,88.3030585698829,38.3541618080835,44.3160529813011,76.2061184969815,45.7880423574737,49.4140614205801,13.1974705039008,0,110.988941192627,117.82366476486,131.207824707031,163.278849283854,0,204.189926147461,186.243213653564,186.728897094727,126.194140116374,181.326651436942,187.796615600586,0,139.355410257975,193.058889770508,0,146.312676565988,153.002570016044,0,138.994125366211,0,178.679153442383,107.89529876709,129.657037800756,147.906201341417,109.005332946777,145.706601460775,132.535343993794,161.161310486874,185.487585449219,0,168.258575439453,0,165.978981018066,0
0,0,170.376998901367,92.813858795166,220.063400268555,0,0,0,192.154551188151,82.6696523030599,0,0,0,0,190.095268249512,0,0,0,0,0,0,136.937319946289,0,148.125891113281,146.45760900324,0,180.503253936768,183.468111038208,153.412970588321,171.250659942627,136.497257995605,0,0,166.216732025146,0,13.2194982582797,152.920509338379,133.368209686279,128.356180463518,93.4565522330148,87.5340868631999,76.7515471159522,30.8388918008357,55.9416098388581,78.6125808128944,68.6786328666231,128.204330165212,175.806640625,182.018493652344,22.913767850186,0,82.3625415678947,124.810980721126,145.067779247577,139.388525620005,113.358848571777,82.3249061012268,71.6959694263547,109.713976618069,81.5402126744341,152.461547851562,146.873564887885,148.237997176799,84.9005885616697,19.9745011273405,33.0821946554871,165.8287525177,88.947021484375,37.0434884755298,79.8277349801774
0,49.6692244211833,93.4863936812789,58.5943249511719,0,0,0,186.360076904297,0,99.8824005126953,148.61198425293,159.536666870117,0,112.116954803467,0,0,152.472885131836,94.092046101888,120.020314534505,122.256689453125,0,172.183364868164,118.757080078125,135.82137298584,138.54480266571,106.216548919678,113.064465543057,108.412675056458,167.545488993327,175.502639770508,0,153.025816917419,0,0,110.988941192627,152.920509338379,9.73415092227278,45.9182004639597,28.3319585340737,0,0,0,114.397954480401,159.093826293945,69.3325381464335,170.173731486003,86.7081073039287,89.3890686035156,61.775885345739,136.225708007812,109.237758363996,47.2973716802764,70.0769535388822,98.4379027517218,83.2620615805349,94.0276107788086,118.195183147084,18.3940659638948,74.2052600535941,81.8540822219849,31.3577862852987,57.8541879761894,38.6458750233058,118.791229926215,147.065457661947,115.924959356135,77.9228036186912,0,103.768829345703,83.1982032327091
159.992525736491,71.2478483835856,99.7027880112252,67.206183615185,207.646209716797,0,214.009195963542,167.728375342584,190.739452785916,176.891426086426,193.633866628011,144.439191818237,0,0,184.345812041184,0,128.227296992711,118.530885479901,152.818389892578,146.479718134953,0,154.695960998535,82.4103718163832,106.526787451039,164.32166880653,101.462730407715,120.199848531087,104.227436687014,166.385150788322,201.011451721191,168.986112806532,164.235366821289,0,187.537441253662,117.82366476486,133.368209686279,45.9182004639597,10.8305510415651,47.7147119413546,131.09507484436,120.925486755371,150.183950805664,106.54984246937,142.743276378087,122.123191501783,130.78160187382,98.9111945412376,143.300857543945,99.5021404690213,145.53146740514,147.890116882324,72.1857168024237,51.3340354990399,105.00446608694,83.5886817750747,137.561372756958,71.7523785774281,44.2081073022658,37.3802034206295,100.211940324694,118.741042000907,39.3257267627444,36.2819899493429,97.8797859655043,145.772190348307,105.277268333869,107.867235728673,90.7863311767578,123.373170640734,63.5387288369938
0,73.2618853024074,79.7325275645536,23.7899838360873,71.6386566162109,0,96.5960693359375,156.768829345703,174.373947143555,32.5811855316162,101.243034362793,120.236638876108,0,55.8603179519241,169.580825805664,0,103.748790740967,78.7087290627616,81.593202318464,120.721247355143,185.601287841797,128.663505554199,86.6947853088379,137.68231048584,88.0606313138395,36.3367740457708,88.5062302209998,85.2966814597448,120.437918526786,177.895782470703,145.415280659993,93.776976108551,0,188.751403808594,131.207824707031,128.356180463518,28.3319585340737,47.7147119413546,38.4287446582264,48.262365928063,187.982711791992,114.229089260101,118.711943074277,103.023083326552,45.1009945733207,90.2075074358684,88.2318528319058,88.259775797526,42.9207823644641,120.702850341797,79.8023864201137,76.0007823558336,67.0025461436621,100.199999427795,74.3191333815109,0,110.280596627129,49.2869426901661,70.8474293899536,35.5278692896012,21.1067033648228,50.594526573322,44.6534038323623,75.3855137373272,113.395204042134,111.012172405536,79.6901550292969,0,136.654010772705,79.084999616756
150.638931274414,149.30891418457,0,98.7650449752808,9.28104076318021,0,175.723843383789,145.109252929688,138.863607788086,101.01754728953,127.296912789345,0,33.3367665021316,228.478454589844,204.565465291341,156.512710571289,0,220.927474975586,0,0,15.6113725093307,0,145.53776550293,168.316040039062,92.1534576883727,194.368591308594,0,199.944505964007,74.1213901910914,165.172210693359,135.559432983398,0,238.541000366211,171.096298217773,163.278849283854,93.4565522330148,0,131.09507484436,48.262365928063,9.76294754978194,0,56.2135577244802,84.2278574893349,91.8718082556564,42.9965251900515,21.0669969748812,186.906074523926,27.5861004605715,157.58366394043,111.367994967374,59.0877206701981,83.3114379882813,162.347183227539,0,0,14.3461111586385,84.8919372558594,82.8557437549938,138.9172706604,16.3152701833099,0,160.762104728005,135.15317327326,24.1663541256228,108.720662071591,115.230523681641,0,0,110.759817504883,115.308047103882
0,0,0,0,0,0,0,0,0,0,166.339431762695,0,0,0,0,0,0,167.674057006836,0,0,0,0,0,0,0,0,0,157.6123046875,123.136505126953,0,0,0,0,0,0,87.5340868631999,0,120.925486755371,187.982711791992,0,6.45329539960775,7.95134086419122,141.086944580078,21.9043041283702,45.7585959964328,120.232792445592,63.6936291110131,37.4050059848362,64.6860656738281,36.0605813908704,11.0481888101893,99.9712905883789,0,108.635381062826,106.846061706543,0,119.889091491699,103.041507720947,110.73254699707,69.4878164018903,0,135.120158725315,135.220878601074,129.922831944057,27.842205754722,0,235.273773193359,11.1589497174129,0,35.05237477573
0,0,204.267623901367,130.215387980143,80.4875383377075,0,0,162.093185424805,174.846189710829,129.796689987183,166.511934916178,0,174.870620727539,0,0,0,0,230.253479003906,0,0,28.2695541381836,0,0,0,149.896670319313,0,0,221.328379313151,167.202973799272,214.060363769531,186.258392333984,0,0,169.39274597168,204.189926147461,76.7515471159522,0,150.183950805664,114.229089260101,56.2135577244802,7.95134086419122,8.79272341460977,59.5985212034439,16.6045827729293,41.5262073410882,30.4327765352502,87.5358583878498,15.9427013885138,0,34.3775544595401,8.98604489596567,123.837261199951,175.170258895211,171.056681315104,201.467733764648,23.1780039911313,143.102887471517,155.152305603027,159.516773308648,67.8451742811379,0,174.422976842002,171.897362001481,64.89994334006,43.8601712035029,131.671627197266,198.722305297852,24.5326950840834,120.00065612793,72.2079878630462
204.365226745605,138.968925476074,170.491550021701,97.441507657369,134.424819946289,0,165.682220458984,150.846930070357,167.233676486545,123.479103088379,160.268890380859,239.676361083984,0,0,162.202138264974,0,194.544499715169,184.444706508092,0,187.741249084473,0,133.186792031313,153.986013412476,164.310933794294,136.481198724711,0,204.380828857422,181.639724011691,133.153638061212,162.623668871428,129.522016716003,0,0,144.513876778739,186.243213653564,30.8388918008357,114.397954480401,106.54984246937,118.711943074277,84.2278574893349,141.086944580078,59.5985212034439,12.9107148304773,64.8462766778128,62.9021521464433,17.3009242874106,146.475101891211,57.6016728719076,195.126256306966,42.0176738282357,80.4286064147949,98.7354486638849,116.771588242784,152.53126464019,138.388881484949,49.9347305297852,71.795739436747,85.5805737304688,97.6358555859948,69.7356973580221,201.932800292969,136.467025506293,137.141308636304,30.5924334366164,60.4103064434257,30.6752655258979,168.815916442871,140.466597663032,72.8589319527721,91.397172519045
185.276458740234,0,199.374629974365,125.364289347331,207.044021606445,0,220.84659249442,151.219394138881,183.975505482067,137.006962367467,189.121068781072,0,186.038246154785,0,208.778787612915,0,0,233.341247558594,0,0,0,166.273062811957,110.069931030273,169.490274047852,151.898317623138,0,0,210.20538682204,163.463610667103,172.820258004325,176.87797088623,0,0,156.88337097168,186.728897094727,55.9416098388581,159.093826293945,142.743276378087,103.023083326552,91.8718082556564,21.9043041283702,16.6045827729293,64.8462766778128,9.94481665578711,87.665854535784,26.1824593059355,79.3993356298974,28.0982663032568,126.878639221191,17.9953304248312,15.6462755749357,119.140762720353,162.205683810894,130.552817711463,172.471378275553,90.4297351837158,132.643650186473,119.930544535319,143.077526249298,81.4815939816562,123.583206176758,164.892050827722,160.835017350468,73.1837854255033,37.7432323467303,93.3178470158341,128.026485149677,12.936084570913,104.84960063054,66.3673700882694
153.739147186279,100.634968844327,142.141792297363,34.9577376083894,83.3803037802378,0,111.488604736328,108.223579406738,97.4949871943547,35.1286851983321,104.732271714644,170.641563415527,94.7871307373047,164.179356384277,106.865299224854,121.519577026367,134.621599197388,0,199.142333984375,0,97.8738030327691,107.404357910156,86.717505750985,163.759567260742,72.02419275804,149.979569753011,193.029614535245,159.92131819815,92.1695041847229,135.920651753743,86.3326301574707,206.936904907227,0,122.655563354492,126.194140116374,78.6125808128944,69.3325381464335,122.123191501783,45.1009945733207,42.9965251900515,45.7585959964328,41.5262073410882,62.9021521464433,87.665854535784,7.91732017265004,80.9690619574653,142.80869938777,11.9151944235751,119.993183563643,97.4056628027628,19.0113832677439,69.2915645099822,136.433175185631,166.453750610352,144.510292640099,29.6311805668999,115.41233215332,15.3430938248597,115.50222837008,17.3056484058298,104.976769129435,128.65882534451,104.63888153812,60.593825683347,93.3708361263933,79.5008335557095,150.361705486591,0,73.3460444041661,112.650353749593
0,159.757331848145,188.197022658128,116.936117384169,100.803928375244,0,182.799865722656,144.207050323486,159.186575698853,129.843171255929,176.27179107666,0,46.1442427635193,0,179.003742762974,0,240.84944152832,248.058441162109,0,0,171.37326558431,184.406219482422,140.230813598633,198.242879231771,145.879297776656,0,228.033836364746,202.7518900091,157.778701071413,196.482719421387,185.357208251953,0,222.989959716797,164.708017985026,181.326651436942,68.6786328666231,170.173731486003,130.78160187382,90.2075074358684,21.0669969748812,120.232792445592,30.4327765352502,17.3009242874106,26.1824593059355,80.9690619574653,11.2620388166827,150.295151289119,19.373640383208,184.537940979004,27.1149515322026,74.3223729647123,117.476481846401,155.564981914702,176.57167561849,171.880018967849,12.5369050140921,139.825684441461,125.8776252053,129.71610337212,47.857236278815,0,156.9485857808,156.661020943288,33.4492204639037,97.8376638950446,104.642770290375,183.027187347412,125.245105743408,99.9535201577579,108.726349384711
240.108840942383,120.308559417725,174.388076782227,137.326919555664,0,0,0,0,0,0,0,101.243313789368,0,82.5850524902344,0,0,0,0,120.70627822876,136.356269836426,0,0,208.960502624512,173.991333007812,191.782165527344,91.8578913762019,119.437162147378,133.179532536921,234.425888061523,0,0,115.181004842122,0,240.470886230469,187.796615600586,128.204330165212,86.7081073039287,98.9111945412376,88.2318528319058,186.906074523926,63.6936291110131,87.5358583878498,146.475101891211,79.3993356298974,142.80869938777,150.295151289119,13.3091411831682,221.817535400391,21.32806966948,83.427454514647,0,130.022092819214,48.4757705094063,23.9208650887248,30.0225294572485,0,84.7061435330299,111.282383388943,91.7930969825158,155.64835723877,47.3489068876276,36.1781942382065,64.7725157141685,159.890089068496,66.024626273305,107.787829048493,37.9402824950475,58.9713775016166,100.269303610159,26.5911407462962
0,0,0,97.812255859375,15.6964798482108,0,0,0,0,81.9156445094517,128.763025919596,0,6.51831651438633,0,0,117.91138458252,0,0,0,0,12.7502649554723,0,0,0,124.667636871338,0,0,207.802047729492,96.6561418260847,0,0,0,0,0,0,175.806640625,89.3890686035156,143.300857543945,88.259775797526,27.5861004605715,37.4050059848362,15.9427013885138,57.6016728719076,28.0982663032568,11.9151944235751,19.373640383208,221.817535400391,7.25431683650139,0,104.538276896757,10.1613541149324,76.4783706665039,182.513702392578,0,200.874481201172,11.8990952066937,0,56.8822657267253,152.65608215332,16.6814718403155,131.219512939453,168.675327301025,134.220499478854,54.412719755264,120.526358032227,0,0,0,0,118.177926199777
0,167.859050750732,209.299962361654,77.9948674610683,0,0,0,0,159.122413635254,175.456677246094,0,87.2694619717805,240.518997192383,70.2861946268285,238.522857666016,0,0,167.90306854248,96.2355899810791,122.166295138272,0,0,129.245365142822,197.075057983398,0,61.9948835147647,92.5193082962036,101.657817967205,189.878234863281,173.053619384766,0,90.0817259662556,0,0,139.355410257975,182.018493652344,61.775885345739,99.5021404690213,42.9207823644641,157.58366394043,64.6860656738281,0,195.126256306966,126.878639221191,119.993183563643,184.537940979004,21.32806966948,0,8.1409744337925,105.776926141036,171.899843004015,138.007191467285,118.400593121847,60.1216073337989,92.937914247866,0,145.433767954508,94.3982820440222,135.325359344482,139.849369395863,21.87056324068,60.8734594947623,42.0273751700461,188.378170237822,100.273000488281,190.268268585205,25.1664119195247,83.0621871948242,158.974143981934,57.9152220869964
148.549026489258,0,197.541783650716,113.551226298014,189.372283935547,0,195.203943888346,164.978638966878,194.459477233887,98.3406041463216,187.5632909139,0,199.915084838867,245.996841430664,224.419784545898,0,156.158477783203,0,0,0,0,154.520820617676,126.894758224487,171.956858317057,162.996664898212,0,207.075978597005,198.449164942691,168.326084136963,185.596993764242,158.880706123684,0,0,165.487747192383,193.058889770508,22.913767850186,136.225708007812,145.53146740514,120.702850341797,111.367994967374,36.0605813908704,34.3775544595401,42.0176738282357,17.9953304248312,97.4056628027628,27.1149515322026,83.427454514647,104.538276896757,105.776926141036,11.1139970947532,34.7616085420575,109.849121517605,151.590324350306,127.091716650761,152.43331456093,127.949441697862,108.917139804724,107.334428193139,140.101714380009,97.8437659559194,162.056262969971,158.947069905345,154.892920244552,92.7125159748569,33.94993539564,75.1450222864428,139.810291223359,22.3210471316225,60.2579677828081,59.3866901448243
0,102.015335083008,0,115.384284973145,92.20325978597,0,0,0,0,57.5802047729492,0,0,90.5282382965088,176.548492431641,0,0,0,0,0,0,114.736022949219,0,108.282804489136,0,80.915119489034,0,213.683212280273,202.702171325684,112.230852762858,0,0,0,0,0,0,0,109.237758363996,147.890116882324,79.8023864201137,59.0877206701981,11.0481888101893,8.98604489596567,80.4286064147949,15.6462755749357,19.0113832677439,74.3223729647123,0,10.1613541149324,171.899843004015,34.7616085420575,7.41485557779865,0,164.212219238281,0,154.102325439453,45.3801959644664,98.3177871704102,93.7497770521376,137.549261910575,43.1822439011872,150.371973673503,158.429527282715,135.190779916864,85.2210495581994,38.2352178361681,86.0437850952148,182.749145507812,38.9242847987584,63.8502197265625,26.2708655463325
0,96.763737487793,117.378754216974,57.4444243672689,0,221.640670776367,0,189.558685302734,188.469024658203,169.201497395833,149.735585530599,0,0,201.129409790039,199.663703918457,0,105.030504763705,150.066699557834,0,189.402592976888,0,118.189645767212,55.1354032250236,105.902102237155,135.612789392471,0,188.921444702148,113.481009813046,135.791172620985,138.784652709961,106.682574801975,0,0,170.757171630859,146.312676565988,82.3625415678947,47.2973716802764,72.1857168024237,76.0007823558336,83.3114379882813,99.9712905883789,123.837261199951,98.7354486638849,119.140762720353,69.2915645099822,117.476481846401,130.022092819214,76.4783706665039,138.007191467285,109.849121517605,0,13.7843616472505,105.863627842494,147.104187011719,127.475162008534,104.951248168945,20.3791935001875,31.6939567986579,19.5554625980614,33.4983367978603,126.591583251953,112.785534159342,36.1296104161773,47.6269601274044,83.7089503644461,66.2056338965699,0,156.615173339844,71.82205456593,89.0603550312131
216.869812011719,103.472567967006,128.718760120625,88.8588765008109,245.998184204102,0,0,195.978942871094,246.701370239258,0,189.63362121582,186.910659790039,0,160.646728515625,225.108612060547,0,210.883102416992,128.588760648455,201.69815826416,132.372230529785,0,184.322830200195,131.991677856445,161.271453380585,211.755201551649,149.962455749512,116.121657167928,127.121122511171,197.706283569336,0,230.03791809082,177.03006362915,0,227.698104858398,153.002570016044,124.810980721126,70.0769535388822,51.3340354990399,67.0025461436621,162.347183227539,0,175.170258895211,116.771588242784,162.205683810894,136.433175185631,155.564981914702,48.4757705094063,182.513702392578,118.400593121847,151.590324350306,164.212219238281,105.863627842494,10.417299349592,69.0667796134949,26.1079955324952,170.495246887207,56.9895676204136,98.8314617051991,24.7795397530708,139.944816990903,109.943370417545,44.3596666276888,73.6968455500266,122.343662844547,141.089437484741,83.1986867628261,117.056751796177,0,103.680836017315,35.4385727511611
0,146.358233133952,183.156265258789,102.654579162598,0,0,0,0,0,0,0,116.274220784505,0,102.380342483521,0,0,0,165.305629730225,112.23567114936,117.488540649414,0,0,0,0,0,86.0410744803292,113.884038567543,122.203568696976,220.570587158203,0,0,111.615058898926,0,0,0,145.067779247577,98.4379027517218,105.00446608694,100.199999427795,0,108.635381062826,171.056681315104,152.53126464019,130.552817711463,166.453750610352,176.57167561849,23.9208650887248,0,60.1216073337989,127.091716650761,0,147.104187011719,69.0667796134949,9.67234917231839,15.3710971630648,0,105.109955483295,171.337631225586,103.293260491413,171.34213910784,78.8888343528465,29.5493151493589,70.8524167035432,167.431561759349,108.107965453058,128.992324177017,56.2477907154658,89.2927947998047,158.493870326451,60.5403718227269
215.172012329102,135.148410797119,158.674129740397,118.472453308105,0,0,0,0,232.86750793457,0,0,138.990426381429,0,129.488563537598,235.756591796875,0,194.349273681641,156.843175252279,150.910486857096,149.270690917969,0,214.498891194661,0,203.326095581055,221.885935465495,94.8471145629883,120.197569123113,127.497638386257,214.176002502441,0,0,170.787506103516,0,0,138.994125366211,139.388525620005,83.2620615805349,83.5886817750747,74.3191333815109,0,106.846061706543,201.467733764648,138.388881484949,172.471378275553,144.510292640099,171.880018967849,30.0225294572485,200.874481201172,92.937914247866,152.43331456093,154.102325439453,127.475162008534,26.1079955324952,15.3710971630648,12.2232097840806,188.950546264648,89.2173750810562,107.02808104621,80.4635287575821,158.931289842394,68.1891201268072,37.4932348225643,75.5008199966402,152.577045953096,133.811678530565,112.470833306234,78.4416069418697,93.3396739959717,126.86408996582,41.2407173837414
0,164.656539916992,0,153.335006713867,10.8168691161693,0,36.8208484649658,93.6830444335938,153.381019592285,135.676953633626,64.8156837054661,0,9.69749864349215,0,0,0,0,0,0,0,12.1839615074891,0,0,246.024795532227,90.2147358874885,0,0,180.216705322266,99.639710492866,0,0,0,0,148.340835571289,0,113.358848571777,94.0276107788086,137.561372756958,0,14.3461111586385,0,23.1780039911313,49.9347305297852,90.4297351837158,29.6311805668999,12.5369050140921,0,11.8990952066937,0,127.949441697862,45.3801959644664,104.951248168945,170.495246887207,0,188.950546264648,7.18521813475009,0,0,0,20.7685463410947,0,163.135612487793,132.994499206543,34.1761144019939,105.83551940918,0,0,0,140.923324584961,109.209631601969
0,97.48193359375,125.348542531331,71.5045063696175,0,0,0,203.100555419922,224.911437988281,159.71940612793,243.617706298828,0,0,0,221.172538757324,0,123.038969136901,173.42505645752,169.24934387207,0,0,126.657622830621,67.0984562788859,121.113260807882,142.29248936971,0,159.280634099787,131.481185489231,154.302574363915,109.978118896484,128.175038655599,0,0,0,178.679153442383,82.3249061012268,118.195183147084,71.7523785774281,110.280596627129,84.8919372558594,119.889091491699,143.102887471517,71.795739436747,132.643650186473,115.41233215332,139.825684441461,84.7061435330299,0,145.433767954508,108.917139804724,98.3177871704102,20.3791935001875,56.9895676204136,105.109955483295,89.2173750810562,0,10.9768798520711,59.7875808569101,27.2650049910374,33.7128941939103,128.876354217529,105.672745415472,80.2236917140756,42.2061786902448,79.1240892446958,29.1458671480116,137.762289428711,0,41.8022634868081,43.095489253099
113.260799407959,53.7543720669217,71.7135172148009,39.9519631023138,125.24877166748,0,0,127.779979705811,159.333034091526,105.080270131429,155.893714904785,148.498420715332,0,129.062304496765,149.922701517741,0,61.4617634427016,119.733336708762,166.681686401367,166.468078613281,202.597152709961,89.3837242126465,30.2882681297044,65.6854326816006,117.605607425465,117.010696411133,140.595968358657,74.0754519006292,124.458252703557,133.235010782878,110.0769627889,133.932716369629,0,0,107.89529876709,71.6959694263547,18.3940659638948,44.2081073022658,49.2869426901661,82.8557437549938,103.041507720947,155.152305603027,85.5805737304688,119.930544535319,15.3430938248597,125.8776252053,111.282383388943,56.8822657267253,94.3982820440222,107.334428193139,93.7497770521376,31.6939567986579,98.8314617051991,171.337631225586,107.02808104621,0,59.7875808569101,9.28768833998906,50.1693073816022,27.7188095894542,76.0669109768338,89.9760029300763,42.0093784857336,69.5120349268388,75.1875167969734,56.3959029235376,112.242717107137,0,51.4050017684253,89.4527294345018
169.696505228678,94.8879330158234,107.852892512163,69.2625979826519,162.588562011719,0,218.009677886963,172.454852294922,204.489273071289,208.728800455729,201.80400390625,181.432056427002,0,207.730178833008,188.463962901722,119.141860961914,108.973831381574,138.996259095239,199.267913818359,174.434814453125,0,137.480819904699,68.9786596430673,109.863988530119,154.370254600441,172.452041625977,144.684495958231,112.42248842637,159.09065452244,195.098735264369,166.882390703474,0,0,182.140449523926,129.657037800756,109.713976618069,74.2052600535941,37.3802034206295,70.8474293899536,138.9172706604,110.73254699707,159.516773308648,97.6358555859948,143.077526249298,115.50222837008,129.71610337212,91.7930969825158,152.65608215332,135.325359344482,140.101714380009,137.549261910575,19.5554625980614,24.7795397530708,103.293260491413,80.4635287575821,0,27.2650049910374,50.1693073816022,16.3060604851612,79.3470824312966,115.80185546875,74.2898219099649,52.226174923298,78.8909472319048,110.835159616267,59.1549530690421,122.178775151571,76.5353012084961,64.6798337978196,52.1540614932572
131.261949018999,121.270051898378,156.365236421911,66.5110309864925,100.391468161967,0,146.626067376906,119.254892218603,129.236357175387,65.6092698439112,129.673468239077,186.784088134766,105.04485377559,182.105291513296,150.693198354621,131.253698348999,135.027142933437,201.659482683454,0,203.679626464844,100.271493449807,128.90436594537,99.4506170099432,141.899729179614,97.2678922031751,149.175882720947,201.938836960565,154.607464591662,112.797594175701,143.866629799644,115.804813808865,245.128387451172,192.666969299316,121.553963422775,147.906201341417,81.5402126744341,81.8540822219849,100.211940324694,35.5278692896012,16.3152701833099,69.4878164018903,67.8451742811379,69.7356973580221,81.4815939816562,17.3056484058298,47.857236278815,155.64835723877,16.6814718403155,139.849369395863,97.8437659559194,43.1822439011872,33.4983367978603,139.944816990903,171.34213910784,158.931289842394,20.7685463410947,33.7128941939103,27.7188095894542,79.3470824312966,12.0075835276244,115.884848117828,135.148828747969,96.0242226007393,25.5077899089945,87.5784956784172,77.7106871896161,163.309509277344,116.182523091634,73.9441855440858,93.4300488985502
0,158.334487915039,162.915115356445,42.7996068681989,0,0,0,0,0,0,0,86.4915915144251,0,62.9131442834131,144.49089050293,0,0,163.377822875977,100.535956122658,114.27091217041,0,0,0,0,175.633014678955,49.4013546253073,98.5138679554588,104.755027908877,0,0,0,89.6582490921021,0,0,109.005332946777,152.461547851562,31.3577862852987,118.741042000907,21.1067033648228,0,0,0,201.932800292969,123.583206176758,104.976769129435,0,47.3489068876276,131.219512939453,21.87056324068,162.056262969971,150.371973673503,126.591583251953,109.943370417545,78.8888343528465,68.1891201268072,0,128.876354217529,76.0669109768338,115.80185546875,115.884848117828,10.3552433720683,50.2989265901071,39.2740551034079,171.131802368164,154.668249130249,160.027839660645,56.9994763238089,0,207.853729248047,91.3666888645717
204.037574768066,120.204792097503,117.014112104449,89.6964607684933,220.584217071533,0,210.589126586914,186.218353271484,206.027757263184,204.479760306222,205.28554280599,116.339166523498,208.491561889648,103.441543003298,216.950368245443,0,158.743053602136,121.162675594855,117.13136212966,119.174903869629,0,178.446196419852,130.719465958445,156.286794874403,193.647271997788,85.1657018841438,103.140486749079,111.066595691947,187.767831802368,192.058158238729,186.268099103655,113.078134507399,0,196.007690429688,145.706601460775,146.873564887885,57.8541879761894,39.3257267627444,50.594526573322,160.762104728005,135.120158725315,174.422976842002,136.467025506293,164.892050827722,128.65882534451,156.9485857808,36.1781942382065,168.675327301025,60.8734594947623,158.947069905345,158.429527282715,112.785534159342,44.3596666276888,29.5493151493589,37.4932348225643,163.135612487793,105.672745415472,89.9760029300763,74.2898219099649,135.148828747969,50.2989265901071,17.9132963071071,46.8181449168866,134.666479577868,149.869502805595,123.523684172197,25.1944998092759,111.691483020782,148.530962289098,66.6235645515249
167.978634425572,91.2885657909305,104.350943057489,69.991706750128,184.97031656901,243.522659301758,224.146115112305,178.523448440264,199.070758232704,206.177193777902,203.964762369792,120.901302522826,0,101.196018488784,185.802039169684,0,116.939598777077,124.610036810147,121.052468637941,124.382239831745,231.580642700195,147.113466093812,80.6674856962981,109.393677959252,167.1778887516,87.0081534959469,106.956537923933,109.568116264072,170.855559482369,174.516236818754,166.727863311768,117.445998820853,189.957641601562,198.089172363281,132.535343993794,148.237997176799,38.6458750233058,36.2819899493429,44.6534038323623,135.15317327326,135.220878601074,171.897362001481,137.141308636304,160.835017350468,104.63888153812,156.661020943288,64.7725157141685,134.220499478854,42.0273751700461,154.892920244552,135.190779916864,36.1296104161773,73.6968455500266,70.8524167035432,75.5008199966402,132.994499206543,80.2236917140756,42.0093784857336,52.226174923298,96.0242226007393,39.2740551034079,46.8181449168866,17.4976033626579,107.744155817829,146.604988328466,122.650476649909,23.0321606664208,130.0159740448,120.06153963819,73.3528465092105
149.882030063205,153.577922821045,172.927862728343,90.5889397190042,133.66618027798,189.448455810547,175.529122768304,136.302947743734,151.909832269373,90.5866145698392,152.264370958344,228.416010538737,169.524407958984,210.195846557617,160.558243083954,0,141.754763493772,199.636332920619,240.236656188965,217.584331512451,136.376489911761,130.658402776144,101.895510696783,148.468515808819,126.154241891876,183.688087463379,202.613510594223,174.483740694383,134.90334256529,156.393302981593,125.254861776539,0,188.384765625,135.67420663639,161.161310486874,84.9005885616697,118.791229926215,97.8797859655043,75.3855137373272,24.1663541256228,129.922831944057,64.89994334006,30.5924334366164,73.1837854255033,60.593825683347,33.4492204639037,159.890089068496,54.412719755264,188.378170237822,92.7125159748569,85.2210495581994,47.6269601274044,122.343662844547,167.431561759349,152.577045953096,34.1761144019939,42.2061786902448,69.5120349268388,78.8909472319048,25.5077899089945,171.131802368164,134.666479577868,107.744155817829,13.3823751746594,92.7957873582636,45.6581947624107,181.031963147615,137.430038452148,77.3566014984317,94.399942971045
0,0,193.357120513916,113.258147404112,0,0,197.831787109375,171.205557929145,179.566609700521,110.57655443464,217.328079223633,223.457382202148,0,0,180.117500305176,0,199.942565917969,0,0,0,0,142.085346056067,151.001068115234,153.69442653656,152.521921904191,0,205.928398132324,189.768073527018,163.797154744466,179.363964504666,142.036900972065,0,0,154.867561340332,185.487585449219,19.9745011273405,147.065457661947,145.772190348307,113.395204042134,108.720662071591,27.842205754722,43.8601712035029,60.4103064434257,37.7432323467303,93.3708361263933,97.8376638950446,66.024626273305,120.526358032227,100.273000488281,33.94993539564,38.2352178361681,83.7089503644461,141.089437484741,108.107965453058,133.811678530565,105.83551940918,79.1240892446958,75.1875167969734,110.835159616267,87.5784956784172,154.668249130249,149.869502805595,146.604988328466,92.7957873582636,11.0331834556269,38.0533922610511,122.259130859375,10.4733884471618,16.3818607697537,37.395163487691
0,118.178009033203,149.26388168335,75.8212440715117,160.125310262044,0,219.938949584961,157.663188171387,178.180130004883,153.943534851074,227.814834594727,0,0,221.587982177734,182.227611541748,0,120.805993615127,178.886393229167,0,198.534255981445,0,120.738516036778,70.653760989507,125.783177101449,136.525806427002,0,185.772828674316,171.466463201186,135.866636747955,158.0831934611,119.877252471581,0,0,146.543395996094,0,33.0821946554871,115.924959356135,105.277268333869,111.012172405536,115.230523681641,0,131.671627197266,30.6752655258979,93.3178470158341,79.5008335557095,104.642770290375,107.787829048493,0,190.268268585205,75.1450222864428,86.0437850952148,66.2056338965699,83.1986867628261,128.992324177017,112.470833306234,0,29.1458671480116,56.3959029235376,59.1549530690421,77.7106871896161,160.027839660645,123.523684172197,122.650476649909,45.6581947624107,38.0533922610511,14.0698034592845,150.671700159709,116.719278971354,40.4899069897039,49.1897550959162
0,194.51496887207,170.003677368164,110.526945114136,0,0,0,0,0,0,0,110.976447671147,0,94.0043641742907,0,0,219.949348449707,180.48592376709,114.146149226597,105.113128662109,0,0,0,214.956207275391,231.34748840332,81.2909373407779,112.459779986898,118.943339707015,230.393043518066,0,0,114.664705313888,0,0,168.258575439453,165.8287525177,77.9228036186912,107.867235728673,79.6901550292969,0,235.273773193359,198.722305297852,168.815916442871,128.026485149677,150.361705486591,183.027187347412,37.9402824950475,0,25.1664119195247,139.810291223359,182.749145507812,0,117.056751796177,56.2477907154658,78.4416069418697,0,137.762289428711,112.242717107137,122.178775151571,163.309509277344,56.9994763238089,25.1944998092759,23.0321606664208,181.031963147615,122.259130859375,150.671700159709,7.99815781931546,97.4147516886393,0,69.47919290716
0,0,0,0,0,0,0,0,0,0,0,0,0,0,0,0,0,0,0,0,0,0,0,0,0,0,0,0,0,0,0,0,0,0,0,88.947021484375,0,90.7863311767578,0,0,11.1589497174129,24.5326950840834,140.466597663032,12.936084570913,0,125.245105743408,58.9713775016166,0,83.0621871948242,22.3210471316225,38.9242847987584,156.615173339844,0,89.2927947998047,93.3396739959717,0,0,0,76.5353012084961,116.182523091634,0,111.691483020782,130.0159740448,137.430038452148,10.4733884471618,116.719278971354,97.4147516886393,4.10302683553654,79.4608306884766,27.1752362395778
145.518699645996,0,215.890502929688,98.5937652587891,0,0,0,164.144195556641,217.430282592773,0,0,0,0,0,166.447235107422,178.806655883789,155.442016601562,211.256958007812,0,0,0,132.774448394775,0,128.45783996582,135.640104384649,0,0,155.366960144043,144.112856023452,174.645771026611,132.437391281128,0,0,188.341957092285,165.978981018066,37.0434884755298,103.768829345703,123.373170640734,136.654010772705,110.759817504883,0,120.00065612793,72.8589319527721,104.84960063054,73.3460444041661,99.9535201577579,100.269303610159,0,158.974143981934,60.2579677828081,63.8502197265625,71.82205456593,103.680836017315,158.493870326451,126.86408996582,140.923324584961,41.8022634868081,51.4050017684253,64.6798337978196,73.9441855440858,207.853729248047,148.530962289098,120.06153963819,77.3566014984317,16.3818607697537,40.4899069897039,0,79.4608306884766,7.5372414387496,29.9999704202548
0,109.829719543457,139.543455200195,111.176670074463,0,0,0,141.693176269531,190.942177908761,85.9030838012695,189.222721099854,211.766464233398,0,176.566902160645,197.927754720052,0,159.898204803467,145.867261250814,199.826927185059,153.287803649902,0,156.820545959473,119.008360290527,148.974171357996,160.191584087553,0,139.893265704719,136.124860040073,167.207316836795,171.71625773112,142.616904258728,136.464660644531,0,154.655448913574,0,79.8277349801774,83.1982032327091,63.5387288369938,79.084999616756,115.308047103882,35.05237477573,72.2079878630462,91.397172519045,66.3673700882694,112.650353749593,108.726349384711,26.5911407462962,118.177926199777,57.9152220869964,59.3866901448243,26.2708655463325,89.0603550312131,35.4385727511611,60.5403718227269,41.2407173837414,109.209631601969,43.095489253099,89.4527294345018,52.1540614932572,93.4300488985502,91.3666888645717,66.6235645515249,73.3528465092105,94.399942971045,37.395163487691,49.1897550959162,69.47919290716,27.1752362395778,29.9999704202548,11.9971669605664
